date,rainfall_mm,temperature_C,bare_storage_mm,bare_ET_mm,bare_drainage_mm,moderate_storage_mm,moderate_ET_mm,moderate_drainage_mm,high_storage_mm,high_ET_mm,high_drainage_mm
2021-01-01,0.0,6.844309693926616,74.22098208979435,0.7790179102056517,0.0,74.02622761224293,0.9737723877570645,0.0,73.73409589591581,1.2659041040841839,0.0
2021-01-02,0.0,2.962468870770559,73.5661830859297,0.654799003864658,0.0,73.2077288574121,0.8184987548308224,0.0,72.67004751463574,1.0640483812800692,0.0
2021-01-03,0.0,6.93691606899465,72.78420177172187,0.7819813142078288,0.0,72.23025221465232,0.977476642759786,0.0,71.39932787904802,1.2707196355877217,0.0
2021-01-04,0.0,8.418464460276557,71.95481090899303,0.8293908627288499,0.0,71.19351363624126,1.0367385784110623,0.0,70.05156772711364,1.3477601519343811,0.0
2021-01-05,4.203417593228811,3.1436125487881643,75.4976329006606,0.6605956015612213,0.0,74.57118672751854,0.8257445019515266,0.0,73.18151746780546,1.0734678525369845,0.0
2021-01-06,17.382402568603375,3.6026460920524173,92.20475079431831,0.6752846749456773,0.0,91.10948345243982,0.8441058436820966,0.0,89.4665824396221,1.0973375967867256,0.0
2021-01-07,26.031476466577583,7.52475777073547,117.43543501223236,0.800792248663535,0.0,116.13996960818798,1.0009903108294187,0.0,114.19677150212145,1.3012874040782443,0.0
2021-01-08,0.0,6.087026747379871,116.6806501563162,0.7547848559161559,0.0,115.19648853829278,0.9434810698951948,0.0,112.9702461112577,1.2265253908637532,0.0
2021-01-09,0.0,6.704391971060093,115.90610961324228,0.774540543073923,0.0,114.22831285945038,0.9681756788424036,0.0,111.71161772876258,1.2586283824951248,0.0
2021-01-10,0.0,6.342806144571742,115.14313981661599,0.7629697966262957,0.0,113.27460061366752,0.9537122457828696,0.0,110.47179180924485,1.2398259195177306,0.0
2021-01-11,12.63954010691473,6.505975006064321,127.01448872333665,0.7681912001940583,0.0,124.95390172033969,0.9602390002425728,0.0,121.86302121584423,1.2483107003153446,0.0
2021-01-12,0.0,3.137342866211488,126.35409375161788,0.6603949717187677,0.0,124.12840800569123,0.8254937146484596,0.0,120.78987938680123,1.0731418290429975,0.0
2021-01-13,0.0,7.95335553138956,125.53958637461342,0.814507377004466,0.0,123.11027378443565,1.0181342212555824,0.0,119.46630489916897,1.3235744876322573,0.0
2021-01-14,0.0,8.269041856829187,124.71497703519489,0.8246093394185341,0.0,122.07951211016248,1.0307616742731676,0.0,118.12631472261386,1.3399901765551179,0.0
2021-01-15,0.0,5.544909815341511,123.97753992110397,0.7374371140909284,0.0,121.15771571754883,0.9217963926136604,0.0,116.9279794122161,1.1983353103977585,0.0
2021-01-16,0.0,5.99323263577679,123.22575647675912,0.7517834443448573,0.0,120.21798641211775,0.9397293054310716,0.0,115.70633131515571,1.2216480970603931,0.0
2021-01-17,0.0,3.09710989545492,122.56664896010456,0.6591075166545575,0.0,119.39410201629956,0.8238843958181967,0.0,114.63528160059205,1.0710497145636557,0.0
2021-01-18,0.0,7.26959246059324,121.77402200136558,0.7926269587389837,0.0,118.40331831787583,0.9907836984237296,0.0,113.3472627926412,1.2880188079508486,0.0
2021-01-19,0.0,7.4695513361323185,120.97499635860935,0.7990256427562342,0.0,117.40453626443053,0.9987820534452927,0.0,112.04884612316232,1.2984166694788806,0.0
2021-01-20,0.0,6.287978383243348,120.21378105034556,0.7612153082637871,0.0,116.4530171291008,0.9515191353297339,0.0,110.81187124723367,1.236974875928654,0.0
2021-01-21,0.0,8.750535804465727,119.37376390460265,0.8400171457429032,0.0,115.40299569692218,1.050021432178629,0.0,109.44684338540145,1.3650278618322178,0.0
2021-01-22,5.706419169507539,5.925661481695336,124.33056190669595,0.7496211674142508,0.0,120.1723884071619,0.9370264592678134,0.0,113.93512815786083,1.2181343970481575,0.0
2021-01-23,0.0,7.817505588129123,123.52040172787582,0.8101601788201318,0.0,119.15968818363675,1.0127002235251648,0.0,112.61861786727812,1.3165102905827142,0.0
2021-01-24,0.0,4.745905789591626,122.80853274260889,0.711868985266932,0.0,118.26985195205307,0.889836231583665,0.0,111.46183076621935,1.1567871010587645,0.0
2021-01-25,0.0,6.837505108177913,122.0297325791472,0.7788001634616932,0.0,117.29635174772596,0.9735002043271165,0.0,110.1962805005941,1.2655502656252515,0.0
2021-01-26,0.0,6.6376806024475625,121.25732679986888,0.772405779278322,0.0,116.33084452362806,0.9655072240979025,0.0,108.94112110926683,1.2551593913272732,0.0
2021-01-27,0.0,7.541159276514111,120.45600970302043,0.8013170968484515,0.0,115.3291981525675,1.0016463710605643,0.0,107.6389808268881,1.3021402823787336,0.0
2021-01-28,0.0,6.457987631625528,119.68935409880841,0.766655604212017,0.0,114.37087864730248,0.9583195052650211,0.0,106.39316547004357,1.2458153568445274,0.0
2021-01-29,0.0,7.042906539817286,118.90398108953426,0.7853730092741532,0.0,113.38916238570978,0.9817162615926914,0.0,105.11693432997308,1.2762311400704989,0.0
2021-01-30,3.322955696205358,9.069036258097388,121.3767276254805,0.8502091602591165,0.0,115.64935663159125,1.0627614503238956,0.0,107.05830014075737,1.3815898854210642,0.0
2021-01-31,0.0,6.656750648558013,120.60371160472664,0.7730160207538564,0.0,114.68308660564892,0.9662700259423205,0.0,105.80214910703235,1.2561510337250166,0.0
2021-02-01,2.540373047627129,4.432675568882787,122.44223903414952,0.7018456182042492,0.0,116.34615263052073,0.8773070227553115,0.0,107.20202302507757,1.140499129581905,0.0
2021-02-02,0.4963445262016466,11.262727425451718,122.01817628273672,0.920407277614455,0.0,115.69198805970431,1.1505090970180687,0.0,106.20270572515572,1.4956618261234893,0.0
2021-02-03,0.0,10.646341934563226,121.11749334083069,0.9006829419060232,0.0,114.56613438232179,1.125853677382529,0.0,104.73909594455844,1.4636097805972876,0.0
2021-02-04,0.0,5.420891339272293,120.38402481797398,0.7334685228567134,0.0,113.6492987287509,0.9168356535708917,0.0,103.54720959491628,1.1918863496421592,0.0
2021-02-05,0.0,9.50888793825372,119.51974040394987,0.864284414024119,0.0,112.56894321122076,1.0803555175301487,0.0,102.14274742212709,1.4044621727891933,0.0
2021-02-06,0.0,7.249614270567858,118.7277527472917,0.7919876566581715,0.0,111.57895864039804,0.9899845708227143,0.0,100.85576748005755,1.2869799420695287,0.0
2021-02-07,6.605422377517172,8.910628248239336,124.48803502086521,0.8451401039436587,0.0,117.12795588798564,1.0564251299295733,0.0,106.08783718866628,1.3733526689084452,0.0
2021-02-08,0.0,9.102152647677174,123.63676613613954,0.8512688847256696,0.0,116.06386978207856,1.064086105907087,0.0,104.70452525098707,1.3833119376792131,0.0
2021-02-09,0.0,8.176861390465582,122.81510657164465,0.8216595644948987,0.0,115.03679532645994,1.0270744556186233,0.0,103.36932845868286,1.3351967923042103,0.0
2021-02-10,6.247420766931554,7.212001184418531,128.27174330067479,0.7907840379013931,0.0,120.29573604601475,0.9884800473767412,0.0,108.33172516402465,1.2850240615897637,0.0
2021-02-11,0.0,7.534149194216219,127.47065052645986,0.801092774214919,0.0,119.2943700782461,1.0013659677686486,0.0,107.02994940592541,1.3017757580992433,0.0
2021-02-12,16.553147133309764,7.220349299429881,143.23274648218788,0.7910511775817561,0.0,134.85870323957866,0.9888139719771951,0.0,122.29763837566482,1.2854581635703537,0.0
2021-02-13,0.0,7.528352849001101,142.43183919101983,0.8009072911680353,0.0,133.85756912561862,1.001134113960044,0.0,120.99616402751676,1.3014743481480573,0.0
2021-02-14,0.0,9.198625856990112,141.57748316359616,0.8543560274236836,0.0,132.78962409133902,1.0679450342796044,0.0,119.60783548295326,1.3883285445634859,0.0
2021-02-15,0.0,8.0441268901023,140.7600711031129,0.8174120604832735,0.0,131.76785901573493,1.021765075604092,0.0,118.27954088466794,1.3282945982853196,0.0
2021-02-16,0.0,10.984052416042244,139.84858142579955,0.9114896773133518,0.0,130.62849691909324,1.1393620966416897,0.0,116.79837015903374,1.4811707256341968,0.0
2021-02-17,0.0,12.740336237016352,138.88089066621504,0.9676907595845233,0.0,129.41888346961258,1.209613449480654,0.0,115.22587267470888,1.5724974843248503,0.0
2021-02-18,0.0,8.753184078738869,138.0407887756954,0.8401018905196438,0.0,128.36875610646302,1.0501273631495547,0.0,113.86070710261446,1.3651655720944211,0.0
2021-02-19,0.0,10.541053499470983,137.14347506371234,0.8973137119830714,0.0,127.24711396648418,1.1216421399788392,0.0,112.40257232064197,1.458134781972491,0.0
2021-02-20,0.0,11.212031819447985,136.22469004549,0.9187850182223354,0.0,126.09863269370626,1.1484812727779192,0.0,110.90954666603066,1.493025654611295,0.0
2021-02-21,0.0,11.30850183281004,135.3028179868401,0.9218720586499214,0.0,124.94629262039386,1.1523400733124016,0.0,109.41150457072455,1.4980420953061222,0.0
2021-02-22,0.0,10.669617118428068,134.4013902390504,0.9014277477896983,0.0,123.81950793565674,1.1267846847371228,0.0,107.94668448056629,1.4648200901582598,0.0
2021-02-23,0.0,12.157608911215132,133.4523467538915,0.9490434851588841,0.0,122.63320357920814,1.186304356448605,0.0,106.40448881718311,1.5421956633831866,0.0
2021-02-24,0.0,11.792561879238146,132.51498477375588,0.9373619801356207,0.0,121.46150110403862,1.1717024751695257,0.0,104.88127559946273,1.5232132177203834,0.0
2021-02-25,0.0,8.509795263285675,131.68267132533074,0.8323134484251415,0.0,120.42110929350719,1.040391810531427,0.0,103.52876624577188,1.352509353690855,0.0
2021-02-26,4.503800737274049,12.881678066342475,135.21425836448182,0.9722136981229593,0.0,123.70964290812753,1.215267122653699,0.0,106.45271972359612,1.5798472594498087,0.0
2021-02-27,0.0,13.077336245626752,134.23578360462176,0.978474759860056,0.0,122.48654945830246,1.22309344982507,0.0,104.86269823882353,1.590021484772591,0.0
2021-02-28,6.967130951060345,9.936666569879122,140.32494122544597,0.8779733302361319,0.0,128.35621374656765,1.0974666627951648,0.0,110.40312252825015,1.4267066616337143,0.0
2021-03-01,0.0,11.700646674954072,139.39052053184744,0.9344206935985304,0.0,127.18818787956948,1.168025866998163,0.0,108.88468890115254,1.5184336270976118,0.0
2021-03-02,0.0,13.153961368698496,138.4095937680491,0.9809267637983519,0.0,125.96202942482154,1.2261584547479398,0.0,107.29068290998022,1.594005991172322,0.0
2021-03-03,0.0,11.532160114278383,137.4805646443922,0.9290291236569083,0.0,124.80074302025041,1.1612864045711353,0.0,105.78101058403774,1.509672325942476,0.0
2021-03-04,0.0,14.261131766725931,136.46420842785696,1.0163562165352298,0.0,123.53029774958136,1.2704452706690372,0.0,104.129431732168,1.6515788518697485,0.0
2021-03-05,0.0,17.008163413897666,135.35994719861225,1.1042612292447254,0.0,122.14997121302545,1.3803265365559065,0.0,102.33500723464532,1.7944244975226786,0.0
2021-03-06,0.0,10.874494983568166,134.45196335913806,0.9079838394741814,0.0,121.01499141368272,1.1349797993427266,0.0,100.85953349549978,1.4754737391455446,0.0
2021-03-07,0.0,9.851183133632947,133.5767254988618,0.8752378602762543,0.0,119.92094408833741,1.0940473253453178,0.0,99.43727197255086,1.4222615229489133,0.0
2021-03-08,10.494951361000496,13.388422061168097,143.0832473539049,0.9884295059573791,0.0,129.1803585668912,1.2355368824467239,0.0,108.3260253863706,1.606197947180741,0.0
2021-03-09,0.0,14.392080011566094,142.0627007935348,1.020546560370115,0.0,127.90467536642855,1.2756832004626437,0.0,106.66763722576917,1.6583881606014368,0.0
2021-03-10,12.469734401005551,12.65600015387802,150.0,0.9649920049240965,3.567443189616256,139.16816976127896,1.2062400061551206,0.0,117.56925961877306,1.5681120080016568,0.0
2021-03-11,0.0,16.193589884827293,148.92180512368552,1.0781948763144733,0.0,137.82042616588586,1.3477435953930916,0.0,115.81719294476204,1.7520666740110191,0.0
2021-03-12,0.0,10.77970019391069,148.01685471748038,0.9049504062051421,0.0,136.68923815812943,1.1311880077564276,0.0,114.34664853467868,1.470544410083356,0.0
2021-03-13,0.0,15.013049524930574,146.9764371326826,1.0404175847977783,0.0,135.3887161771322,1.3005219809972228,0.0,112.65596995938229,1.6906785752963898,0.0
2021-03-14,15.078342662171115,12.586197909488686,150.0,0.962758333103638,11.092021461750079,149.26361092292376,1.2034479163795475,0.0,126.16983033025998,1.5644822912934118,0.0
2021-03-15,0.0,17.407738837940247,148.8829523571859,1.117047642814088,0.0,147.86730136940616,1.39630955351761,0.0,124.35462791068709,1.815202419572893,0.0
2021-03-16,0.0,18.12538271896177,147.74294011017912,1.1400122470067768,0.0,146.4422860606477,1.425015308758471,0.0,122.50210800930107,1.8525199013860123,0.0
2021-03-17,0.0,12.778662556410106,146.774022908374,0.9689172018051235,0.0,145.23113955839128,1.2111465022564043,0.0,120.92761755636774,1.5744904529333257,0.0
2021-03-18,0.0,13.384689055950302,145.7857128585836,0.9883100497904096,0.0,143.99575199615327,1.235387562238012,0.0,119.32161372545832,1.6060038309094156,0.0
2021-03-19,9.613230433402506,16.37495965773215,150.0,1.0839987090474288,4.314944582938665,150.0,1.354998386309286,2.253984043246504,127.17334625665875,1.7614979022020718,0.0
2021-03-20,0.0,14.053605138862624,148.9902846355564,1.0097153644436039,0.0,148.7378557944455,1.262144205554505,0.0,125.53255878943789,1.6407874672208564,0.0
2021-03-21,1.7621393892270516,14.909177564135524,149.71533034273114,1.0370936820523367,0.0,149.20362808110713,1.2963671025654209,0.0,125.60942094532989,1.6852772333350472,0.0
2021-03-22,0.0,15.222910402643167,148.66819720984657,1.0471331328845814,0.0,147.8947116650014,1.3089164161057267,0.0,123.90782960439245,1.7015913409374448,0.0
2021-03-23,0.0,11.504869803832143,147.74004137612394,0.9281558337226287,0.0,146.73451687284813,1.1601947921532858,0.0,122.39957637459318,1.5082532297992717,0.0
2021-03-24,0.0,15.488521180044062,146.68440869836252,1.05563267776141,0.0,145.41497602564638,1.3195408472017625,0.0,120.6841732732309,1.7154031013622912,0.0
2021-03-25,11.576729873697651,14.30856871989485,150.0,1.0178741990366351,7.243264373023521,150.0,1.272342748795794,5.719363150548219,130.606857573494,1.654045573434532,0.0
2021-03-26,0.0,14.873402342574922,148.9640511250376,1.0359488749623975,0.0,148.705063906297,1.2949360937029968,0.0,128.92344065168012,1.683416921813896,0.0
2021-03-27,0.0,18.91828098141197,147.79866613363242,1.165384991405183,0.0,147.24833266704053,1.4567312392564788,0.0,127.0296900406467,1.8937506110334226,0.0
2021-03-28,0.0,13.689066660435014,146.8006160004985,0.9980501331339205,0.0,146.00077000062313,1.2475626664174007,0.0,125.40785857430407,1.621831466342621,0.0
2021-03-29,0.0,17.999198094628603,145.6646416614704,1.1359743390281154,0.0,144.58080207683798,1.4199679237851441,0.0,123.56190027338339,1.8459583009206875,0.0
2021-03-30,0.0,15.985162345979193,144.59311646639907,1.0715251950713343,0.0,143.24139558299882,1.3394064938391677,0.0,121.82067183139247,1.741228441990918,0.0
2021-03-31,0.0,16.153411104823107,143.51620731104472,1.0769091553543395,0.0,141.8952591388059,1.3461364441929242,0.0,120.07069445394167,1.7499773774508016,0.0
2021-04-01,4.165468010796924,18.463010890535863,146.5308589733445,1.1508163484971476,0.0,144.6222067139814,1.4385204356214345,0.0,122.36608589843074,1.870076566307865,0.0
2021-04-02,0.0,17.731147587823973,145.40346225053412,1.1273967228103672,0.0,143.21296081046845,1.409245903512959,0.0,120.53406622386389,1.8320196745668467,0.0
2021-04-03,0.0,18.360441124480715,144.25592813455074,1.147534115983383,0.0,141.77854316548922,1.4344176449792285,0.0,118.66932328539089,1.8647429384729972,0.0
2021-04-04,0.0,19.32309698112522,143.07758903115473,1.1783391033960071,0.0,140.30561928624422,1.4729238792450088,0.0,116.75452224237237,1.9148010430185114,0.0
2021-04-05,0.0,16.890916184795223,141.9770797132413,1.100509317913447,0.0,138.9299826388524,1.375636647391809,0.0,114.96619460076302,1.7883276416093516,0.0
2021-04-06,0.0,16.495108106325556,140.88923625383887,1.0878434594024178,0.0,137.5701783145994,1.3598043242530222,0.0,113.19844897923409,1.767745621528929,0.0
2021-04-07,0.0,15.714523275690494,139.82637150901678,1.0628647448220958,0.0,136.24159738357176,1.3285809310276198,0.0,111.47129376889818,1.7271552103359058,0.0
2021-04-08,0.0,16.398391186604982,138.74162299104543,1.0847485179713594,0.0,134.88566173610755,1.3559356474641993,0.0,109.70857742719473,1.762716341703459,0.0
2021-04-09,21.56270538010327,24.11088546754109,150.0,1.331548334961315,8.972780036187373,150.0,1.6644354187016437,4.783931697509161,129.10751676298588,2.163766044312137,0.0
2021-04-10,8.328556265452496,20.864588157414705,150.0,1.2276668210372705,7.10088944441523,150.0,1.5345835262965881,6.793972739155919,135.44111444425283,1.9949585841855646,0.0
2021-04-11,10.125563111499485,15.834612489347672,150.0,1.0667075996591255,9.058855511840335,150.0,1.3333844995739068,8.792178611925578,143.83327770630623,1.733399849446079,0.0
2021-04-12,0.0,16.05232951541959,148.92632545550657,1.0736745444934268,0.0,148.65790681938321,1.3420931806167835,0.0,142.08855657150443,1.7447211348018186,0.0
2021-04-13,0.0,19.820366185873056,147.73207373755864,1.1942517179479377,0.0,147.1650921719483,1.4928146474349222,0.0,140.147897529839,1.9406590416653988,0.0
2021-04-14,0.0,20.109409486815665,146.52857263398053,1.2035011035781014,0.0,145.66071579247566,1.5043763794726266,0.0,138.1922082365246,1.9556892933144145,0.0
2021-04-15,0.0,20.269703696757897,145.31994211568428,1.2086305182962527,0.0,144.14992764460533,1.5107881478703158,0.0,136.2281836442932,1.9640245922314106,0.0
2021-04-16,0.0,18.81784433839692,144.15777109685558,1.1621710188287016,0.0,142.69721387106944,1.4527137735358768,0.0,134.33965573869656,1.88852790559664,0.0
2021-04-17,0.0,19.231384897398307,142.98236678013885,1.1754043167167458,0.0,141.2279584751735,1.4692553958959322,0.0,132.42962372403184,1.910032014664712,0.0
2021-04-18,0.0,20.291261757347225,141.77304640390375,1.2093203762351115,0.0,139.7163080048796,1.511650470293889,0.0,130.46447811264977,1.965145611382056,0.0
2021-04-19,0.0,19.959124413744547,140.57435442266393,1.1986919812398256,0.0,138.2179430283298,1.498364976549782,0.0,128.51660364313506,1.9478744695147165,0.0
2021-04-20,47.85832144011467,15.4991547561047,150.0,1.0559729521953505,37.37670291058325,150.0,1.319966190244188,34.75629827820029,150.0,1.7159560473174444,24.6589690359323
2021-04-21,0.0,19.627110177370657,148.81193247432415,1.188067525675861,0.0,148.51491559290517,1.4850844070948264,0.0,148.06939027077672,1.9306097292232742,0.0
2021-04-22,15.289423174026922,18.531343205134878,150.0,1.1530029825643162,12.948352665786757,150.0,1.4412537282053952,12.363085038726695,150.0,1.8736298466670138,11.485183598136643
2021-04-23,0.0,20.730474553200025,148.7766248142976,1.223375185702401,0.0,148.47078101787199,1.529218982128001,0.0,148.0120153232336,1.9879846767664013,0.0
2021-04-24,0.0,26.494871136883017,147.36878893791734,1.4078358763802568,0.0,146.71098617239667,1.7597948454753207,0.0,145.7242820241157,2.287733299117917,0.0
2021-04-25,0.0,21.401980893859783,146.12392554931384,1.2448633886035132,0.0,145.15490693664228,1.5560792357543913,0.0,143.701379017635,2.0229030064807088,0.0
2021-04-26,0.0,20.18094336219321,144.91813536172364,1.2057901875901829,0.0,143.64766920215456,1.5072377344877284,0.0,141.74196996280094,1.959409054834047,0.0
2021-04-27,0.0,22.79086987356214,143.62882752576965,1.2893078359539887,0.0,142.03603440721207,1.6116347949424856,0.0,139.64684472937572,2.0951252334252315,0.0
2021-04-28,11.400835702137018,22.050144475569688,150.0,1.26560462321823,3.7640586046884437,150.0,1.5820057790227875,1.8548643303263077,148.99107291878312,2.0566075127296237,0.0
2021-04-29,0.0,22.06065646531236,148.73405899311,1.2659410068899957,0.0,148.4175737413875,1.5824262586124944,0.0,146.9339187825869,2.057154136196243,0.0
2021-04-30,0.0,22.56802419533312,147.45188221885934,1.2821767742506598,0.0,146.8148527735742,1.6027209678133247,0.0,144.85038152442957,2.0835372581573224,0.0
2021-05-01,0.0,25.599382740008892,146.07270197117904,1.3791802476802846,0.0,145.09087746397384,1.7239753096003556,0.0,142.6092136219491,2.2411679024804623,0.0
2021-05-02,0.0,19.35456931177095,144.89335575320237,1.1793462179766703,0.0,143.616694691503,1.4741827724708378,0.0,140.692776017737,1.9164376042120892,0.0
2021-05-03,0.0,22.69170034195237,143.6072213422599,1.286134410942476,0.0,142.0090266778249,1.6076680136780948,0.0,138.60280759995547,2.0899684177815234,0.0
2021-05-04,7.163912837021476,20.017765412273597,149.57056568608863,1.2005684931927552,0.0,147.67222889835543,1.5007106164909438,0.0,143.81579663553873,1.950923801438227,0.0
2021-05-05,1.9668854517925007,23.105608563200967,150.0,1.2993794740224311,0.2380716638587046,148.0148900076199,1.6242243425280387,0.0,143.67119044204478,2.1114916452864505,0.0
2021-05-06,0.0,20.27919319984556,148.79106581760493,1.2089341823950581,0.0,146.50372227962606,1.5111677279938225,0.0,141.70667239565282,1.9645180463919694,0.0
2021-05-07,0.0,21.401706755748958,147.54621120142096,1.2448546161839666,0.0,144.9476540093961,1.5560682702299582,0.0,139.68378364435387,2.0228887512989457,0.0
2021-05-08,0.0,21.763990401164044,146.28976350858372,1.2564476928372494,0.0,143.37709439334955,1.5705596160465616,0.0,137.64205614349333,2.0417275008605302,0.0
2021-05-09,6.686023211705041,24.42135431565497,150.0,1.341483338100959,1.6343033821877953,148.3862634324284,1.6768541726261987,0.0,142.14816893078432,2.1799104244140586,0.0
2021-05-10,0.0,24.41996697267045,148.65856105687453,1.3414389431254545,0.0,146.7094647535216,1.676798678906818,0.0,139.96833064820547,2.1798382825788636,0.0
2021-05-11,0.0,20.20271351594661,147.45207422436425,1.2064868325102915,0.0,145.20135621288372,1.5081085406378643,0.0,138.00778954537626,1.9605411028292237,0.0
2021-05-12,3.2762177063934548,22.91282673270745,149.43508147531108,1.2932104554466386,0.0,146.86106084996888,1.616513069308298,0.0,139.18254026166892,2.1014669901007874,0.0
2021-05-13,28.417004012110983,21.490296858069428,150.0,1.2476894994582217,26.60439598796384,150.0,1.5596118743227771,23.718452987757104,150.0,2.0274954366196103,15.57204883716031
2021-05-14,0.0,20.49660106039609,148.78410876606733,1.215891233932675,0.0,148.48013595758417,1.5198640424158436,0.0,148.0241767448594,1.9758232551405968,0.0
2021-05-15,0.0,22.681356489224868,147.49830535841213,1.2858034076551959,0.0,146.87288169801516,1.6072542595689947,0.0,145.93474620741972,2.0894305374396933,0.0
2021-05-16,0.0,22.597799956112503,146.21517575981653,1.2831295985956002,0.0,145.26896969977065,1.6039119982445,0.0,143.84966060970186,2.08508559771785,0.0
2021-05-17,0.0,28.165139236349123,144.75389130425336,1.461284455563172,0.0,143.4423641303167,1.826605569453965,0.0,141.4750733694117,2.3745872402901544,0.0
2021-05-18,0.0,24.272103707066176,143.41718398562725,1.3367073186261178,0.0,141.77147998203404,1.670884148282647,0.0,139.30292397664425,2.1721493927674413,0.0
2021-05-19,0.0,20.742935913766804,142.19341003638672,1.223773949240538,0.0,140.24176254548337,1.5297174365506723,0.0,137.31429130912838,1.988632667515874,0.0
2021-05-20,0.0,22.458091574416144,140.9147511060054,1.2786589303813167,0.0,138.64343888250673,1.5983236629766457,0.0,135.23647054725873,2.0778207618696394,0.0
2021-05-21,0.0,25.717330138154765,139.53179654158447,1.3829545644209524,0.0,136.91474567698054,1.7286932055261905,0.0,132.98916938007469,2.2473011671840477,0.0
2021-05-22,11.528933579342723,27.93580259718228,149.60678443781737,1.453945683109833,0.0,146.62624715243598,1.8174321038872912,0.0,142.15544122436393,2.3626617350534787,0.0
2021-05-23,0.0,20.66870847495772,148.38538576661873,1.2213986711986473,0.0,145.09949881343766,1.526748338998309,0.0,140.1706683836661,1.9847728406978018,0.0
2021-05-24,20.9666819003548,20.159964694317395,150.0,1.2051188702181568,18.146948796755396,150.0,1.5063985877726958,14.55978212601974,150.0,1.9583181641045047,9.1790321199164
2021-05-25,4.369372893169711,27.738239047266,150.0,1.447623649512512,2.921749243657217,150.0,1.80952956189064,2.5598433312790974,150.0,2.352388430457832,2.016984462711889
2021-05-26,3.5535780512186195,24.849366482768165,150.0,1.3551797274485813,2.1983983237700215,150.0,1.6939746593107265,1.859603391907882,150.0,2.2021670571039444,1.3514109941146728
2021-05-27,0.0,22.404694418100604,148.72304977862078,1.2769502213792194,0.0,148.40381222327596,1.5961877767240242,0.0,147.92495589025876,2.0750441097412318,0.0
2021-05-28,0.0,25.27897104941122,147.35412270503963,1.3689270735811592,0.0,146.69265338129952,1.7111588419764487,0.0,145.70044939568936,2.2245064945693835,0.0
2021-05-29,14.114246937120106,19.00392135775821,150.0,1.1681254834482626,10.300244158711479,150.0,1.4601568543103283,9.346743464109295,150.0,1.8982039106034267,7.9164924222060336
2021-05-30,3.1265055424986903,24.345123301423573,150.0,1.3390439456455543,1.7874615968531202,150.0,1.6738049320569428,1.452700610441724,150.0,2.1759464116740257,0.9505591308246437
2021-05-31,0.0,25.054202925105127,148.63826550639664,1.3617344936033642,0.0,148.2978318829958,1.7021681170042051,0.0,147.78718144789454,2.2128185521054666,0.0
2021-06-01,5.285539131321964,26.30450415334709,150.0,1.401744132907107,2.522060504811492,150.0,1.7521801661338836,1.831190848183894,150.0,2.277834215974049,0.7948863632424548
2021-06-02,29.419211026140232,22.48277325836646,150.0,1.279448744267727,28.139762281872493,150.0,1.5993109303346584,27.819900095805565,150.0,2.079104209435056,27.340106816705173
2021-06-03,0.0,24.73372258872577,148.64852087716076,1.3514791228392247,0.0,148.31065109645098,1.6893489035490308,0.0,147.80384642538627,2.19615357461374,0.0
2021-06-04,0.0,22.760448586603832,147.36018652238943,1.2883343547713226,0.0,146.70023315298684,1.6104179434641532,0.0,145.71030309888286,2.0935433265033994,0.0
2021-06-05,5.502406402907768,25.168166887897183,150.0,1.3653813404127098,1.4972115848844965,150.0,1.7067266755158872,0.4959128803787394,148.99396482362,2.2187446781706535,0.0
2021-06-06,0.0,22.909946573789025,148.70688170963876,1.2931182903612488,0.0,148.38360213704843,1.616397862951561,0.0,146.89264760178295,2.1013172218370295,0.0
2021-06-07,0.0,23.92480287340376,147.38128801768985,1.3255936919489204,0.0,146.72661002211228,1.6569921149361504,0.0,144.73855785236597,2.1540897494169955,0.0
2021-06-08,1.451808383672032,22.78685262547611,147.54391711734667,1.2891792840152356,0.0,146.56694430076527,1.6114741050190444,0.0,144.09544989951326,2.094916336524758,0.0
2021-06-09,0.0,26.11533718636341,146.14822632738304,1.395690789963629,0.0,144.82233081331074,1.7446134874545363,0.0,141.82745236582235,2.267997533690897,0.0
2021-06-10,0.0,26.561640400834253,144.73825383455636,1.4099724928266961,0.0,143.05986519727736,1.76246561603337,0.0,139.53624706497897,2.291205300843381,0.0
2021-06-11,0.0,24.404253284025035,143.39731772946755,1.3409361050888011,0.0,141.38369506591636,1.6761701313610013,0.0,137.35722589420968,2.179021170769302,0.0
2021-06-12,0.0,24.975800940793587,142.03809209936216,1.3592256301053949,0.0,139.6846630282846,1.6990320376317434,0.0,135.14848424528842,2.2087416489212663,0.0
2021-06-13,0.0,22.025039264912238,140.77329084288496,1.2648012564771918,0.0,138.1036614576881,1.5810015705964895,0.0,133.09318220351298,2.0553020417754366,0.0
2021-06-14,0.7774276444084455,24.342825772925945,140.2117480625598,1.3389704247336303,0.0,137.2073760711795,1.6737130309170378,0.0,131.6947829077293,2.1758269401921493,0.0
2021-06-15,0.0,24.8587807273883,138.85626707928336,1.3554809832764256,0.0,135.51302484208398,1.694351229095532,0.0,129.4921263099051,2.2026565978241917,0.0
2021-06-16,1.2101410369997432,30.214835913141503,138.53953336706257,1.5268747492205281,0.0,134.81457244255807,1.90859343652566,0.0,128.22109587942148,2.481171467483358,0.0
2021-06-17,21.915608990997907,22.760420160007317,150.0,1.2883334451202342,9.16680891294024,150.0,1.6104168064002926,5.119764627155689,148.043163022099,2.0935418483203803,0.0
2021-06-18,4.664412143685633,27.920854589901708,150.0,1.4534673468768549,3.210944796808775,150.0,1.8168341835960684,2.8475779600895805,150.0,2.361884438674889,0.3456907271097691
2021-06-19,0.0,26.991402566730525,148.5762751178646,1.423724882135377,0.0,148.2203438973308,1.779656102669221,0.0,147.68644706653,2.3135529334699876,0.0
2021-06-20,0.0,25.561180206342176,147.19831735126166,1.3779577666029497,0.0,146.4978966890771,1.722447208253687,0.0,145.4472656958002,2.2391813707297934,0.0
2021-06-21,46.797592557417765,28.516407554937643,150.0,1.4725250417580047,42.52338486692142,150.0,1.8406563021975058,41.45483294429735,150.0,2.3928531928567573,39.85200506036122
2021-06-22,0.0,25.7396737520873,148.6163304399332,1.3836695600667936,0.0,148.2704130499165,1.729586950083492,0.0,147.75153696489147,2.2484630351085397,0.0
2021-06-23,26.25550952461657,25.767115547186197,150.0,1.3845476975099584,23.487292267039805,150.0,1.7306846218874479,22.795237952645635,150.0,2.2498900084536824,21.757156481054352
2021-06-24,0.0,24.87293030261883,148.64406623031618,1.3559337696838025,0.0,148.30508278789526,1.694917212104753,0.0,147.79660762426383,2.203392375736179,0.0
2021-06-25,34.66257188088023,27.413726782378955,150.0,1.4372392570361265,31.869398854160266,150.0,1.7965490712951582,31.171105597480334,150.0,2.3355137926837055,30.123665712460337
2021-06-26,0.0,27.143991578628743,148.57139226948388,1.42860773051612,0.0,148.21424033685486,1.7857596631451498,0.0,147.6785124379113,2.321487562088695,0.0
2021-06-27,18.614215143696956,23.68121391768172,150.0,1.3177988453658152,15.867808567815018,150.0,1.6472485567072688,15.181206923844542,150.0,2.1414231237194494,14.151304457888813
2021-06-28,0.0,22.27264625073701,148.72727531997643,1.2727246800235843,0.0,148.4090941499705,1.5909058500294804,0.0,147.93182239496167,2.0681776050383247,0.0
2021-06-29,13.51582091760185,24.48081462753209,150.0,1.343386068081027,10.89971016949724,150.0,1.6792325851012837,10.245682482471068,150.0,2.183002360631669,9.264640951931852
2021-06-30,3.410951403614957,23.25940437084301,150.0,1.3043009398669765,2.106650463747968,150.0,1.6303761748337204,1.780575228781231,150.0,2.1194890272838367,1.2914623763311113
2021-07-01,8.141179412965664,24.70221637056911,150.0,1.3504709238582118,6.790708489107459,150.0,1.6880886548227645,6.453090758142906,150.0,2.194515251269594,5.946664161696077
2021-07-02,0.0,27.271013185823172,148.56732757805366,1.4326724219463416,0.0,148.20915947256708,1.7908405274329269,0.0,147.6719073143372,2.328092685662805,0.0
2021-07-03,0.0,23.845502196150104,147.24427150777686,1.3230560702768033,0.0,146.55533938472107,1.653820087846004,0.0,145.5219412001374,2.149966114199805,0.0
2021-07-04,14.644581653265991,24.635535203667462,150.0,1.348337126517359,10.540516034525496,150.0,1.6854214081466985,9.514499629840344,150.0,2.191047830590708,7.975475022812674
2021-07-05,0.0,24.79542329985743,148.64654645440456,1.3534535455954377,0.0,148.3081830680057,1.691816931994297,0.0,147.8006379884074,2.1993620115925863,0.0
2021-07-06,0.0,26.33156725005206,147.2439363024029,1.402610152001666,0.0,146.5549203780036,1.7532626900020825,0.0,145.5213964914047,2.2792414970027073,0.0
2021-07-07,0.0,20.093399501903757,146.04094751834197,1.2029887840609204,0.0,145.05118439792744,1.5037359800761503,0.0,143.5665397173057,1.9548567740989955,0.0
2021-07-08,0.0,23.323409376773863,144.7345984182852,1.3063491000567637,0.0,143.4182480228565,1.6329363750709545,0.0,141.44372242971343,2.122817287592241,0.0
2021-07-09,17.728278860796003,24.90618318468066,150.0,1.3569978619097811,11.105879417171423,150.0,1.6962473273872263,9.450279556265258,150.0,2.2051215256033943,6.966879764906025
2021-07-10,2.218708867845208,26.82776934675793,150.0,1.4184886190962538,0.8002202487489569,150.0,1.7731107738703171,0.445598093974894,149.9136648618138,2.3050440060314124,0.0
2021-07-11,0.0,23.385008567941902,148.69167972582585,1.308320274174141,0.0,148.36459965728233,1.6354003427176762,0.0,147.7876444162808,2.126020445532979,0.0
2021-07-12,0.0,20.554133898296044,147.47394744108038,1.2177322847454735,0.0,146.8424343013505,1.5221653559318418,0.0,145.80882945356942,1.9788149627113945,0.0
2021-07-13,0.0,25.48233011386321,146.09851287743675,1.3754345636436227,0.0,145.12314109679596,1.7192932045545284,0.0,143.57374828764853,2.235081165920887,0.0
2021-07-14,6.788199785458193,22.90511148294268,150.0,1.2929635674541657,1.593749095440785,150.0,1.6162044593177072,0.2951364229364515,148.2608822759937,2.1010657971130193,0.0
2021-07-15,7.557344456914127,21.72671298276144,150.0,1.2552548154483663,6.302089641465784,150.0,1.5690685193104577,5.9882759376036745,150.0,2.039789075103595,3.778437657804261
2021-07-16,0.0,22.7848672438204,148.71088424819774,1.289115751802253,0.0,148.3886053102472,1.611394689752816,0.0,147.90518690332135,2.094813096678661,0.0
2021-07-17,0.0,23.589342192037392,147.39602529805254,1.3148589501451966,0.0,146.7450316225657,1.6435736876814957,0.0,145.76854110933542,2.1366457939859447,0.0
2021-07-18,0.0,22.671083897218505,146.11055061334153,1.2854746847109924,0.0,145.13818826667696,1.6068433558887403,0.0,143.67964474668005,2.0888963626553623,0.0
2021-07-19,0.0,19.388989925537217,144.93010293572434,1.180447677617191,0.0,143.66262866965548,1.4755595970214888,0.0,141.76141727055213,1.9182274761279354,0.0
2021-07-20,0.0,25.511195580867483,143.55374467713656,1.3763582585877596,0.0,141.94218084642077,1.7204478232346994,0.0,139.52483510034702,2.2365821702051094,0.0
2021-07-21,7.280302872799315,26.18117136305656,149.43625006631808,1.39779748361781,0.0,147.47523686469782,1.7472468545222624,0.0,144.5337170622674,2.271420910878941,0.0
2021-07-22,2.6126308280447725,24.84626568017728,150.0,1.3550805017656729,0.6938003925971827,148.3940170655355,1.693850627207091,0.0,144.944342074943,2.2020058153692186,0.0
2021-07-23,0.0,21.177119232681,148.7623321845542,1.237667815445792,0.0,146.84693229622826,1.54708476930724,0.0,142.93313187484358,2.0112102000994123,0.0
2021-07-24,0.0,22.95627172629133,147.46773148931288,1.2946006952413225,0.0,145.2286814271766,1.618250869051653,0.0,140.82940574507643,2.103726129767149,0.0
2021-07-25,31.73628566344471,23.25049935678018,150.0,1.304015979416966,27.900001173340627,150.0,1.6300199742712072,25.334947116350094,150.0,2.1190259665525693,20.446665441968577
2021-07-26,6.571151084915858,24.362969293582974,150.0,1.3396150173946553,5.231536067521205,150.0,1.674518771743319,4.896632313172546,150.0,2.1768744032663148,4.394276681649558
2021-07-27,0.0,24.401480440645607,148.65915262589934,1.3408473741006595,0.0,148.32394078237417,1.6760592176258242,0.0,147.82112301708642,2.1788769829135717,0.0
2021-07-28,2.848376463240086,21.493481040269167,150.0,1.2477913932886133,0.259737695850788,149.61257800400347,1.5597392416107665,0.0,148.64183846623249,2.0276610140939964,0.0
2021-07-29,32.30959178722258,23.020489663614267,150.0,1.2966556692356566,31.012936117986925,150.0,1.6208195865445707,30.301350204681484,150.0,2.107065462507942,28.84436479094714
2021-07-30,0.0,23.66340122290089,148.68277116086716,1.3172288391328286,0.0,148.35346395108397,1.6465360489160357,0.0,147.85950313640916,2.1404968635908466,0.0
2021-07-31,0.0,25.55053077219896,147.3051541761568,1.3776169847103668,0.0,146.63144272019602,1.7220212308879583,0.0,145.6208755362548,2.238627600154346,0.0
2021-08-01,0.0,23.93568135496953,145.97921237279778,1.3259418033590251,0.0,144.97401546599724,1.6574272541987813,0.0,143.4662201057964,2.154655430458416,0.0
2021-08-02,26.27418372351392,23.990333483236995,150.0,1.3276906714635839,20.925705424848104,150.0,1.6596133393294799,19.588585850181687,150.0,2.157497341128324,17.582906488181976
2021-08-03,0.0,22.463228796723595,148.72117667850483,1.278823321495155,0.0,148.40147084813105,1.5985291518689437,0.0,147.92191210257036,2.078087897429627,0.0
2021-08-04,9.278873843335038,24.99768742716663,150.0,1.3599259976693323,6.640124524170545,150.0,1.6999074970866652,5.980437194379448,150.0,2.209879746212665,4.990906199692745
2021-08-05,5.125509492410593,22.875361692990776,150.0,1.2920115741757048,3.833497918234883,150.0,1.615014467719631,3.5104950246909823,150.0,2.0995188080355205,3.025990684375074
2021-08-06,0.0,20.210636448522635,148.79325963364727,1.2067403663527243,0.0,148.49157454205908,1.5084254579409053,0.0,148.0390469046768,1.960953095323177,0.0
2021-08-07,0.0,24.614474035020542,147.4455964645266,1.3476631691206575,0.0,146.80699558065825,1.6845789614008218,0.0,145.84909425485574,2.1899526498210684,0.0
2021-08-08,0.0,23.07644518721339,146.14715021853578,1.2984462459908286,0.0,145.18393777316973,1.6230578074885356,0.0,143.73911910512064,2.1099751497350963,0.0
2021-08-09,0.0,20.665475529833888,144.9258550015811,1.2212952169546845,0.0,143.65731875197636,1.5266190211933555,0.0,141.75451437756928,1.984604727551362,0.0
2021-08-10,0.0,20.46156119756715,143.71108504325898,1.214769958322149,0.0,142.13885630407367,1.518462447902686,0.0,139.78051319529578,1.974001182273492,0.0
2021-08-11,1.0697615536484957,21.880779236239867,143.52066166134782,1.2601849355596757,0.0,141.63338668827257,1.5752311694495946,0.0,138.8024742286598,2.047800520284473,0.0
2021-08-12,12.697944720548948,22.07921559016845,150.0,1.2665348988853904,4.952071483011366,150.0,1.583168623606738,2.748162785214788,149.44229973851998,2.0581192106887594,0.0
2021-08-13,4.764834762376871,21.41082516351164,150.0,1.2451464052323726,3.519688357144503,150.0,1.5564330065404657,3.2084017558364053,150.0,2.0233629085026053,2.183771592394237
2021-08-14,7.960391704254652,21.5004698698105,150.0,1.2480150358339361,6.712376668420717,150.0,1.56001879479242,6.40037290946222,150.0,2.0280244332301463,5.9323672710245035
2021-08-15,0.0,24.137637428196005,148.66759560229772,1.3324043977022724,0.0,148.33449450287216,1.6655054971278402,0.0,147.83484285373382,2.1651571462661923,0.0
2021-08-16,30.231224231498818,22.738978928571537,150.0,1.287647325714289,27.611172508082262,150.0,1.6095591571428614,26.956159577228135,150.0,2.0924269042857198,25.973640180946916
2021-08-17,0.0,20.83367556793656,148.77332238182603,1.22667761817397,0.0,148.46665297728254,1.5333470227174624,0.0,148.0066488704673,1.993351129532701,0.0
2021-08-18,0.0,22.1899216431543,147.5032448892451,1.2700774925809377,0.0,146.87905611155637,1.587596865726172,0.0,145.94277294502328,2.063875925444024,0.0
2021-08-19,0.0,18.095576103103447,146.3641864539458,1.1390584352993103,0.0,145.45523306743223,1.4238230441241377,0.0,144.0918029876619,1.8509699573613791,0.0
2021-08-20,0.0,20.80827223435137,145.13832174244655,1.225864711499244,0.0,143.92290217805817,1.5323308893740548,0.0,142.09977283147563,1.9920301561862714,0.0
2021-08-21,0.0,23.48133977055312,143.82691886978884,1.3114028726576998,0.0,142.28364858723603,1.6392535908221246,0.0,139.96874316340688,2.131029668068762,0.0
2021-08-22,0.0,19.27550328595389,142.65010276463832,1.1768161051505244,0.0,140.81262845579786,1.4710201314381555,0.0,138.0564169925373,1.9123261708696022,0.0
2021-08-23,4.407206802524982,17.863799077846416,145.92566799667222,1.1316415704910854,0.0,143.805283295209,1.4145519631138566,0.0,140.6247062430143,1.8389175520480137,0.0
2021-08-24,0.0,18.10101006631883,144.78643567455,1.1392323221222025,0.0,142.38124289255623,1.4240404026527531,0.0,138.7734537195657,1.851252523448579,0.0
2021-08-25,12.248479408878977,17.070737325010768,150.0,1.1062635944003447,5.928651489028653,150.0,1.3828294930004308,3.2468928084347795,149.22425478754414,1.7976783409005601,0.0
2021-08-26,15.43619537019075,17.524035771900806,150.0,1.120769144700826,14.315426225489915,150.0,1.4009614308760323,14.035233939314708,150.0,1.821249860138842,12.83920029759605
2021-08-27,0.0,18.194886569384607,148.8577636297797,1.1422363702203076,0.0,148.57220453722462,1.4277954627753844,0.0,148.143865898392,1.8561341016079997,0.0
2021-08-28,21.399187210268654,15.965945613682363,150.0,1.0709102596378357,19.18604058041052,150.0,1.3386378245472945,18.632753922945966,150.0,1.7402291719114829,17.80282393674915
2021-08-29,0.0,18.648373975196883,148.8432520327937,1.1567479672063001,0.0,148.55406504099213,1.4459349590078752,0.0,148.12028455328976,1.8797154467102377,0.0
2021-08-30,0.0,20.26067747428063,147.63491035361673,1.2083416791769803,0.0,147.0436379420209,1.5104270989712252,0.0,146.15672932462718,1.9635552286625928,0.0
2021-08-31,0.0,16.47857246195146,146.54759603483427,1.0873143187824468,0.0,145.68449504354282,1.3591428984780585,0.0,144.3898435566057,1.766885768021476,0.0
2021-09-01,7.432579452980967,21.169638256641807,150.0,1.2374284242125377,2.7427470636027067,150.0,1.5467855302656721,1.5702889662581185,149.81160182024132,2.010821189345374,0.0
2021-09-02,6.721482778385941,18.988712369790097,150.0,1.1676387958332832,5.5538439825526495,150.0,1.459548494791604,5.261934283594343,150.0,1.8974130432290852,4.635671555398176
2021-09-03,0.0,19.86346792324027,148.8043690264563,1.1956309735436885,0.0,148.5054612830704,1.4945387169296107,0.0,148.0570996679915,1.9429003320084939,0.0
2021-09-04,0.0,16.320985819575796,147.72209748022988,1.0822715462264254,0.0,147.15262185028735,1.3528394327830318,0.0,146.29840840537358,1.7586912626179414,0.0
2021-09-05,0.0,19.179272258942586,146.5483607679437,1.1737367122861628,0.0,145.68545095992965,1.4671708903577034,0.0,144.39108624790856,1.9073221574650145,0.0
2021-09-06,0.0,15.119188901515496,145.50454672309522,1.0438140448484958,0.0,144.38068340386903,1.3047675560606198,0.0,142.69488842502975,1.6961978228788057,0.0
2021-09-07,0.0,18.91570415607098,144.33924419010094,1.1653025329942714,0.0,142.9240552376262,1.4566281662428393,0.0,140.80127180891407,1.893616616115691,0.0
2021-09-08,6.571185142972742,17.310407577522827,149.79649629059296,1.1139330424807306,0.0,148.10282407749804,1.3924163031009131,0.0,145.56231575785563,1.8101411940311871,0.0
2021-09-09,11.271068240770589,17.90416829722519,150.0,1.1329333855112063,9.934631145852336,150.0,1.4161667318890077,7.957725586379638,150.0,1.84101675145571,4.9923672471705345
2021-09-10,0.0,14.276880918135468,148.98313981061966,1.0168601893803348,0.0,148.7289247632746,1.2710752367254186,0.0,148.34760219225694,1.6523978077430441,0.0
2021-09-11,25.4499312293222,14.667852284645544,150.0,1.0293712731086575,23.4036997668332,150.0,1.2867140913858217,22.892141901210977,150.0,1.6727283188015682,22.12480510277757
2021-09-12,6.283472946850898,17.48193821103258,150.0,1.1194220227530427,5.1640509240978645,150.0,1.3992775284413033,4.884195418409604,150.0,1.8190607869736943,4.464412159877213
2021-09-13,0.0,14.21989406276855,148.9849633899914,1.0150366100085937,0.0,148.73120423748927,1.268795762510742,0.0,148.35056550873603,1.6494344912639647,0.0
2021-09-14,0.0,16.871780082370236,147.88506642735555,1.0998969626358475,0.0,147.35633303419445,1.3748712032948094,0.0,146.56323294445278,1.7873325642832523,0.0
2021-09-15,0.0,13.039589179414138,146.9077995736143,0.9772668537412526,0.0,146.13474946701788,1.2215835671765656,0.0,144.97517430712324,1.5880586373295353,0.0
2021-09-16,0.0,17.298481198991265,145.7942481752466,1.1135513983677203,0.0,144.74281021905824,1.3919392479596504,0.0,143.1656532847757,1.8095210223475455,0.0
2021-09-17,0.1304785284237948,12.965175700508286,144.94984108125414,0.9748856224162652,0.0,143.6546817194617,1.2186070280203314,0.0,141.71194267677305,1.5841891364264309,0.0
2021-09-18,0.0,16.36278427763038,143.86623198436996,1.083609096884172,0.0,142.3001703483565,1.354511371105215,0.0,139.95107789433627,1.7608647824367796,0.0
2021-09-19,0.0,16.33733183617889,142.78343736561223,1.0827946187577244,0.0,140.94667707490933,1.3534932734471554,0.0,138.19153663885496,1.7595412554813021,0.0
2021-09-20,16.840236625085293,13.52038639425397,150.0,0.992652364616127,8.631021626081377,150.0,1.2408154557701587,6.546098244224453,150.0,1.6130600925012064,3.4187131714390375
2021-09-21,0.0,15.90586873189813,148.93101220057926,1.06898779942074,0.0,148.66376525072408,1.336234749275925,0.0,148.2628948259413,1.7371051740587025,0.0
2021-09-22,0.0,15.090662196621809,147.88811101028736,1.042901190291898,0.0,147.3601387628592,1.3036264878648725,0.0,146.56818039171696,1.6947144342243343,0.0
2021-09-23,0.0,13.320183513956596,146.90186513784076,0.9862458724466111,0.0,146.12733142230095,1.2328073405582638,0.0,144.96553084899122,1.602649542725743,0.0
2021-09-24,0.0,12.209025839512952,145.95117631097634,0.9506888268644144,0.0,144.93897038872043,1.188361033580518,0.0,143.42066150533654,1.5448693436546734,0.0
2021-09-25,0.0,10.129381118482849,145.0670361151849,0.8841401957914512,0.0,143.83379514398112,1.105175244739314,0.0,141.98393368717544,1.4367278181611083,0.0
2021-09-26,0.0,14.582710023382443,144.04038939443666,1.0266467207482382,0.0,142.5504867430458,1.2833084009352977,0.0,140.31563276595955,1.668300921215887,0.0
2021-09-27,8.683717971279565,10.582912682750084,150.0,0.8986532058480027,1.8254541598682295,150.0,1.1233165073100033,0.11088820701539248,147.53903927773612,1.4603114595030044,0.0
2021-09-28,0.0,13.732696429683871,149.00055371425012,0.9994462857498839,0.0,148.75069214281265,1.2493078571873548,0.0,145.91493906339255,1.6241002143435612,0.0
2021-09-29,0.0,12.845033438450336,148.0295126442197,0.9710410700304108,0.0,147.53689080527465,1.2138013375380134,0.0,144.33699732459314,1.5779417387994175,0.0
2021-09-30,0.0,14.560619693620769,147.00357281402384,1.0259398301958647,0.0,146.2544660175298,1.2824247877448307,0.0,142.66984510052487,1.66715222406828,0.0
2021-10-01,0.0,12.429180103084509,146.04583905072514,0.9577337632987043,0.0,145.05729881340642,1.1971672041233803,0.0,141.11352773516447,1.5563173653603943,0.0
2021-10-02,0.0,12.205895272907858,145.09525040199208,0.9505886487330515,0.0,143.8690630024901,1.1882358109163143,0.0,139.56882118097326,1.5447065541912086,0.0
2021-10-03,0.0,14.160684706270471,144.0821084913914,1.0131419106006552,0.0,142.60263561423926,1.2664273882508188,0.0,137.9224655762472,1.6463556047260646,0.0
2021-10-04,0.0,13.199894253358885,143.09971187528393,0.9823966161074843,0.0,141.3746398441049,1.2279957701343553,0.0,136.32607107507252,1.596394501174662,0.0
2021-10-05,0.0,12.995656987085484,142.1238508516972,0.9758610235867355,0.0,140.1548135646215,1.2198262794834194,0.0,134.74029691174408,1.5857741633284452,0.0
2021-10-06,0.0,13.136228427624893,141.1434915420132,0.9803593096839965,0.0,138.9293644275165,1.2254491371049956,0.0,133.1472130335076,1.5930838782364942,0.0
2021-10-07,0.0,8.961727560850887,140.29671626006598,0.8467752819472285,0.0,137.87089532508247,1.0584691024340356,0.0,131.77120320034336,1.3760098331642463,0.0
2021-10-08,0.0,13.382506950615696,139.30847603764627,0.9882402224197023,0.0,136.63559504705785,1.2353002780246278,0.0,130.16531283891135,1.6058903614320161,0.0
2021-10-09,0.0,12.930852765781902,138.33468874914126,0.9737872885050209,0.0,135.41836093642658,1.217234110631276,0.0,128.5829084950907,1.582404343820659,0.0
2021-10-10,0.0,9.510510616139673,137.4703524094248,0.8643363397164695,0.0,134.337940511781,1.0804204246455869,0.0,127.17836194305143,1.404546552039263,0.0
2021-10-11,12.721695905135626,10.894701745353922,149.2834178587091,0.9086304558513256,0.0,145.92384834710245,1.135788069814157,0.0,138.42353335742865,1.476524490758404,0.0
2021-10-12,0.0,11.144305772705092,148.36680007398255,0.916617784726563,0.0,144.77807611619426,1.1457722309082037,0.0,136.934029457248,1.489503900180665,0.0
2021-10-13,1.1337060661006433,10.79510366463187,148.59506282281498,0.9054433172682199,0.0,144.77997803570963,1.1318041465852748,0.0,136.59639013278777,1.4713453905608573,0.0
2021-10-14,0.0,11.57416034498086,147.6646896917756,0.9303731310393876,0.0,143.6170116219104,1.1629664137992344,0.0,135.08453379484877,1.5118563379390046,0.0
2021-10-15,0.0,13.612730163966829,146.66908232652867,0.9956073652469386,0.0,142.37250241535173,1.2445092065586731,0.0,133.46667182632248,1.6178619685262752,0.0
2021-10-16,0.0,12.758345611840706,145.70081526694977,0.9682670595789027,0.0,141.1621685908781,1.2103338244736284,0.0,131.89323785450676,1.5734339718157169,0.0
2021-10-17,0.0,7.816494678052597,144.8906874372521,0.8101278296976832,0.0,140.149508803756,1.012659787122104,0.0,130.57678013124803,1.3164577232587351,0.0
2021-10-18,4.78412033819532,11.532544903873458,148.74576633852348,0.9290414369239507,0.0,143.77232734579638,1.1613017961549383,0.0,133.85120813444192,1.50969233500142,0.0
2021-10-19,15.764262041861588,12.795139567983918,150.0,0.9694444661754855,13.540583914209606,150.0,1.2118055827193568,8.324783804938619,148.04012291876836,1.575347257535164,0.0
2021-10-20,0.0,10.761198906920647,149.09564163497853,0.9043583650214608,0.0,148.86955204372316,1.130447956276826,0.0,146.57054057560848,1.4695823431598738,0.0
2021-10-21,0.0,12.02133694021341,148.1509588528917,0.944682782086829,0.0,147.68869856611462,1.1808534776085362,0.0,145.03543105471738,1.5351095208910972,0.0
2021-10-22,1.8804063221284308,13.717240409782198,149.0324134819071,0.9989516931130304,0.0,148.32041527185177,1.248689616391288,0.0,145.29254087553713,1.6232965013086744,0.0
2021-10-23,0.0,11.595014706807456,148.10137301128927,0.9310404706178386,0.0,147.15661468357948,1.1638005882722982,0.0,143.77960011078315,1.5129407647539876,0.0
2021-10-24,0.0,9.902724567181696,147.22448582513945,0.8768871861498143,0.0,146.0605057008922,1.0961089826872679,0.0,142.3546584332897,1.4249416774934482,0.0
2021-10-25,12.225270033300168,11.352454269126262,150.0,0.9232785366120404,8.526477321827599,150.0,1.1540981707650504,7.131677563427331,150.0,1.5003276219945656,3.079600844595319
2021-10-26,0.0,9.411923143269048,149.1388184594154,0.8611815405846095,0.0,148.92352307426924,1.0764769257307618,0.0,148.60057999655,1.3994200034499904,0.0
2021-10-27,7.900139462455217,9.031565454320685,150.0,0.8490100945382619,6.189947827332361,150.0,1.0612626181728273,5.762399918551637,150.0,1.3796414036246756,5.121078055380565
2021-10-28,3.7764962559577695,8.144325528939257,150.0,0.8206184169260562,2.9558778390317,150.0,1.0257730211575702,2.750723234800205,150.0,1.3335049275048414,2.4429913284529334
2021-10-29,0.0,11.839198571705872,149.0611456457054,0.938854354294588,0.0,148.82643205713177,1.1735679428682348,0.0,148.4743616742713,1.5256383257287054,0.0
2021-10-30,0.0,6.942595535750361,148.2789825885614,0.7821630571440116,0.0,147.84872823570174,0.9777038214300144,0.0,147.20334670641228,1.2710149678590188,0.0
2021-10-31,0.0,11.513171877265382,147.35056108848892,0.9284215000724922,0.0,146.68820136061112,1.1605268750906153,0.0,145.69466176879448,1.5086849376178,0.0
2021-11-01,0.0,9.319089605345413,146.49235022111787,0.8582108673710533,0.0,145.6154377763973,1.0727635842138166,0.0,144.30006910931652,1.3945926594779616,0.0
2021-11-02,0.0,5.393653555625957,145.75975330733783,0.7325969137800307,0.0,144.69969163417227,0.9157461422250383,0.0,143.10959912442397,1.1904699848925497,0.0
2021-11-03,0.0,8.802486317113072,144.9180737451902,0.8416795621476183,0.0,143.64759218148774,1.0520994526845229,0.0,141.7418698359341,1.3677292884898797,0.0
2021-11-04,0.0,3.7441108836249777,144.2382621969142,0.6798115482759993,0.0,142.79782774614273,0.8497644353449991,0.0,140.6371760699856,1.104693765948499,0.0
2021-11-05,0.0,9.074246896902457,143.38788629621334,0.8503759007008785,0.0,141.73485787026664,1.0629698758760981,0.0,139.25531523134669,1.3818608386389277,0.0
2021-11-06,0.0,9.474887425113106,142.52468989860972,0.8631963976036193,0.0,140.65586237326212,1.0789954970045241,0.0,137.8526210852408,1.4026941461058815,0.0
2021-11-07,0.0,6.403067980209936,141.759791723243,0.764898175366718,0.0,139.69973965405373,0.9561227192083974,0.0,136.6096615502699,1.2429595349709166,0.0
2021-11-08,3.444632706108391,7.720427116591082,144.3973707616205,0.8070536677309147,0.0,142.1355552754985,1.0088170846636433,0.0,138.74283204631556,1.3114622100627362,0.0
2021-11-09,2.642326832535314,11.269428739595144,146.11907587448874,0.9206217196670446,0.0,143.62710495845,1.1507771495838057,0.0,139.8891485843919,1.4960102944589475,0.0
2021-11-10,0.0,6.239666177805721,145.35940655679897,0.7596693176897831,0.0,142.67751831133776,0.9495866471122287,0.0,138.654685943146,1.2344626412458974,0.0
2021-11-11,0.0,5.025686275099655,144.63858459599578,0.7208219608031889,0.0,141.77649086033378,0.9010274510039862,0.0,137.48335025684082,1.171335686305182,0.0
2021-11-12,0.0,10.001498167099044,143.75853665464862,0.8800479413471693,0.0,140.6764309336498,1.1000599266839617,0.0,136.05327235215168,1.4300779046891503,0.0
2021-11-13,0.0,10.860374917852145,142.85100465727734,0.9075319973712687,0.0,139.5420159369357,1.1344149967140857,0.0,134.57853285642338,1.4747394957283115,0.0
2021-11-14,8.641952898077037,6.842010829236537,150.0,0.7789443465355692,0.7140132088188125,147.21028840184331,0.9736804331694615,0.0,141.95470119138014,1.2657845631203,0.0
2021-11-15,9.574676198077915,8.759384083577618,150.0,0.8403002906744839,8.734375907403432,150.0,1.0503753633431048,5.734589236578131,150.0,1.3654879723460362,0.1638894171120171
2021-11-16,0.0,9.323697036875398,149.14164169481998,0.8583583051800128,0.0,148.92705211852498,1.072947881475016,0.0,148.6051677540825,1.3948322459175209,0.0
2021-11-17,0.0,5.062540961392598,148.4196403840554,0.7220013107645631,0.0,148.02455048006928,0.9025016384557039,0.0,147.43191562409007,1.173252129992415,0.0
2021-11-18,0.0,5.486166631765995,147.6840830518389,0.7355573322165119,0.0,147.10510381479864,0.9194466652706398,0.0,146.23663495923824,1.1952806648518317,0.0
2021-11-19,0.0,8.830327745810354,146.84151256397297,0.8425704878659315,0.0,146.0518907049662,1.0532131098324142,0.0,144.86745791645612,1.3691770427821386,0.0
2021-11-20,0.0,9.652965370323802,145.9726176721226,0.8688948918503616,0.0,144.96577209015325,1.086118614812952,0.0,143.4555037171993,1.4119541992568376,0.0
2021-11-21,0.0,7.325639680613353,145.17819720234297,0.7944204697796273,0.0,143.97274650292871,0.9930255872245342,0.0,142.16457045380739,1.2909332633918944,0.0
2021-11-22,0.0,4.359798066700962,144.47868366420855,0.6995135381344308,0.0,143.0983545802607,0.8743919226680384,0.0,141.02786095433893,1.1367094994684501,0.0
2021-11-23,0.0,10.015729316049796,143.59818032609496,0.8805033381135936,0.0,141.9977254076187,1.100629172641992,0.0,139.59704302990434,1.4308179244345895,0.0
2021-11-24,0.0,4.9045001811292295,142.88123632029883,0.7169440057961354,0.0,141.10154540037354,0.8961800072451691,0.0,138.43200902048562,1.16503400941872,0.0
2021-11-25,0.0,5.223678136714934,142.15407861992395,0.7271577003748779,0.0,140.19259827490495,0.9089471254685974,0.0,137.25037775737644,1.1816312631091765,0.0
2021-11-26,0.0,6.508839408385309,141.3857957588556,0.7682828610683299,0.0,139.23224469856953,0.9603535763354123,0.0,136.00191810814042,1.248459649236036,0.0
2021-11-27,0.0,8.865413619498614,140.54210252303164,0.8436932358239556,0.0,138.17762815378958,1.0546165447799445,0.0,134.63091659992648,1.371001508213928,0.0
2021-11-28,0.0,7.400712642724653,139.74527971846445,0.7968228045671889,0.0,137.1815996480806,0.996028505708986,0.0,133.3360795425048,1.2948370574216819,0.0
2021-11-29,5.694073587574088,6.4609175377695065,144.67260394482992,0.7667493612086242,0.0,141.9172365341439,0.9584367015107802,0.0,137.78418541811484,1.2459677119640142,0.0
2021-11-30,2.4466831545897163,6.498965626332007,146.351320199377,0.7679669000426242,0.0,143.40396106368036,0.9599586250532802,0.0,138.9829223601353,1.2479462125692644,0.0
2021-12-01,11.932103764107923,5.603413537165215,150.0,0.7393092331892869,7.544114730295632,150.0,0.9241365414866085,4.4119282863016736,149.7136486203106,1.2013775039325911,0.0
2021-12-02,17.085042767618045,6.579469062732557,150.0,0.7705430100074419,16.314499757610605,150.0,0.9631787625093022,16.121864005108733,150.0,1.252132391262093,15.546558996666562
2021-12-03,0.0,0.3537016747384305,149.42868154640837,0.5713184535916297,0.0,149.28585193301046,0.7141480669895371,0.0,149.0716075129136,0.9283924870863983,0.0
2021-12-04,0.0,4.772079596218917,148.71597499932938,0.7127065470790054,0.0,148.3949687491617,0.8908831838487566,0.0,147.91345937391023,1.1581481390033836,0.0
2021-12-05,0.0,5.803266039592921,147.9702704860624,0.7457045132669734,0.0,147.462838107578,0.9321306415837167,0.0,146.7016895398514,1.2117698340588319,0.0
2021-12-06,13.79946739541388,2.9767898664703742,150.0,0.6552572757270521,11.114480605749208,150.0,0.819071594658815,10.443233908333042,150.0,1.0647930730564594,9.436363862208822
2021-12-07,0.0,6.0125411292994375,149.2475986838624,0.752401316137582,0.0,149.059498354828,0.9405016451719774,0.0,148.77734786127644,1.2226521387235707,0.0
2021-12-08,0.0,4.7949206415728565,148.53416122333206,0.7134374605303314,0.0,148.1677015291651,0.8917968256629142,0.0,147.61801198791466,1.1593358733617884,0.0
2021-12-09,35.6914132446873,8.681685876831157,150.0,0.8378139480585971,33.38776051996078,150.0,1.0472674350732463,32.81184733877916,150.0,1.3614476655952201,31.947977567006717
2021-12-10,0.0,8.28655795079141,149.17483014557467,0.8251698544253252,0.0,148.96853768196834,1.0314623180316564,0.0,148.65909898655886,1.3409010134411534,0.0
2021-12-11,0.0,4.181612959440271,148.48101853087257,0.6938116147020886,0.0,148.10127316359072,0.8672645183776108,0.0,147.53165511266798,1.127443873890894,0.0
2021-12-12,0.0,4.787183936932063,147.76782864489076,0.713189885981826,0.0,147.20978580611344,0.8914873574772825,0.0,146.37272154794752,1.1589335647204673,0.0
2021-12-13,0.0,4.919536376109072,147.05040348085527,0.7174251640354903,0.0,146.31300435106908,0.8967814550443628,0.0,145.20690565638984,1.1658158915576717,0.0
2021-12-14,6.860395598909836,4.1456279366737805,150.0,0.692660093973561,3.2181389857915406,150.0,0.8658251174669511,2.3075748325119605,150.0,1.1255726527070364,0.941728602592633
2021-12-15,0.0,5.423460950514553,149.26644924958353,0.7335507504164657,0.0,149.0830615619794,0.9169384380205821,0.0,148.80798003057325,1.1920199694267568,0.0
2021-12-16,0.0,3.5042642535708985,148.59431279346927,0.6721364561142688,0.0,148.24289099183656,0.8401705701428359,0.0,147.71575828938757,1.0922217411856867,0.0
2021-12-17,0.0,2.749972174274612,147.94631368389247,0.6479991095767876,0.0,147.43289210486557,0.8099988869709844,0.0,146.66275973632528,1.0529985530622799,0.0
2021-12-18,0.0,6.249959640926965,147.1863149753828,0.7599987085096629,0.0,146.48289371922849,0.9499983856370786,0.0,145.42776183499709,1.2349979013282022,0.0
2021-12-19,0.0,6.259892581896243,146.4259984127621,0.7603165626206798,0.0,145.53249801595263,0.9503957032758497,0.0,144.19224742073848,1.2355144142586045,0.0
2021-12-20,23.596395221421297,3.3914610833181134,150.0,0.6685267546661797,19.353866879517227,150.0,0.8356584433327245,18.293234794041183,150.0,1.0863559763325419,16.702286665827216
2021-12-21,4.191551307440327,6.793025841726291,150.0,0.7773768269352413,3.414174480505096,150.0,0.9717210336690516,3.2198302737712936,150.0,1.263237343769767,2.9283139636705755
2021-12-22,0.0,3.744344429272503,149.32018097826327,0.6798190217367202,0.0,149.1502262228291,0.8497737771709001,0.0,148.89529408967783,1.1047059103221701,0.0
2021-12-23,3.4918807683523494,5.521976264520321,150.0,0.7367032404646503,2.0753585061509625,150.0,0.9208790505808128,1.7212279406006417,150.0,1.1971427657550566,1.1900320922751462
2021-12-24,0.0,6.6674382941433565,149.2266419745874,0.7733580254125875,0.0,149.03330246823427,0.9666975317657343,0.0,148.74329320870456,1.2567067912954546,0.0
2021-12-25,0.0,4.973584909120783,148.50748725749554,0.7191547170918651,0.0,148.13435907186943,0.8989433963648312,0.0,147.57466679343028,1.1686264152742807,0.0
2021-12-26,0.0,5.9673027553427485,147.75653356932457,0.750953688170968,0.0,147.19566696165572,0.9386921102137099,0.0,146.35436705015246,1.2202997432778229,0.0
2021-12-27,0.0,4.044918618045533,147.06709617354713,0.6894373957774571,0.0,146.3338702169339,0.8617967447218213,0.0,145.2340312820141,1.1203357681383677,0.0
2021-12-28,0.0,4.707741882270275,146.35644843331448,0.7106477402326488,0.0,145.4455605416431,0.888309675290811,0.0,144.07922870413603,1.1548025778780542,0.0
2021-12-29,0.0,4.714786714299455,145.6455752584569,0.7108731748575826,0.0,144.55696907307112,0.8885914685719782,0.0,142.92405979499244,1.1551689091435717,0.0
2021-12-30,0.0,3.6621051393985993,144.96838789399612,0.6771873644607552,0.0,143.71048486749518,0.846484205575944,0.0,141.82363032774373,1.1004294672487271,0.0
2021-12-31,0.0,4.833386971052342,144.25371951092245,0.714668383073675,0.0,142.8171493886531,0.8933354788420936,0.0,140.662294205249,1.1613361224947218,0.0
2022-01-01,0.0,2.1242799872159384,143.62574255133154,0.62797695959091,0.0,142.03217818916445,0.7849711994886375,0.0,139.64183164591378,1.0204625593352288,0.0
2022-01-02,0.0,4.276687953991586,142.9288885368038,0.6968540145277308,0.0,141.1611106710048,0.8710675181596634,0.0,138.5094438723062,1.1323877736075625,0.0
2022-01-03,0.0,4.729609794745587,142.21754102337195,0.7113475134318588,0.0,140.27192627921497,0.8891843917898234,0.0,137.35350416297945,1.1559397093267705,0.0
2022-01-04,0.0,4.830241118460691,141.50297330758121,0.7145677157907421,0.0,139.37871663447655,0.8932096447384276,0.0,136.1923316248195,1.1611725381599558,0.0
2022-01-05,9.129715353036737,4.9057072695354345,149.91570602799283,0.7169826326251338,0.0,147.61220369673188,0.8962282907814173,0.0,144.1569501998404,1.1650967780158425,0.0
2022-01-06,27.63901018040376,5.314123334360686,150.0,0.730051946699542,26.824664261697052,150.0,0.9125649333744275,24.3386489437612,150.0,1.1863344133867557,20.60962596685738
2022-01-07,6.153049140310949,6.448317873220593,150.0,0.766346171943059,5.386702968367871,150.0,0.9579327149288237,5.1951164253821105,150.0,1.245312529407471,4.90773661090347
2022-01-08,1.1323991867111842,7.293070273993619,150.0,0.7933782487677958,0.3390209379433884,150.0,0.9917228109597447,0.14067637575143976,149.84315953246352,1.289239654247668,0.0
2022-01-09,0.0,4.301908966884512,149.30233891305969,0.6976610869403044,0.0,149.12792364132463,0.8720763586753805,0.0,148.70946026618552,1.1336992662779946,0.0
2022-01-10,16.828778656767543,3.2552260009924594,150.0,0.6641672320317586,15.466950337795481,150.0,0.8302090400396983,15.126493258052477,150.0,1.0792717520516077,14.458967170901474
2022-01-11,0.0,3.640494339721827,149.3235041811289,0.6764958188710986,0.0,149.15438022641112,0.8456197735888731,0.0,148.90069429433447,1.099305705665535,0.0
2022-01-12,0.0,4.815881280443799,148.6093959801547,0.7141082009742016,0.0,148.26174497519338,0.8926352512177519,0.0,147.7402684677514,1.1604258265830776,0.0
2022-01-13,7.592173802188478,5.154877482513646,150.0,0.7249560794404366,5.476613702902739,150.0,0.9061950993005458,4.947723678081331,150.0,1.1780536290907095,4.1543886408491915
2022-01-14,0.0,4.389869739578726,149.29952416833348,0.7004758316665193,0.0,149.12440521041685,0.8755947895831491,0.0,148.8617267735419,1.138273226458094,0.0
2022-01-15,0.0,3.4114579749777776,148.6303575131342,0.6691666551992889,0.0,148.28794689141773,0.836458318999111,0.0,147.77433095884305,1.0873958146988445,0.0
2022-01-16,10.64015477670914,5.1679448804561385,150.0,0.7253742361745964,8.545138053668751,150.0,0.9067177952182455,8.021383872908643,150.0,1.1787331337837192,7.235752601768496
2022-01-17,0.0,6.522178140794307,149.2312902994946,0.7687097005054179,0.0,149.03911287436821,0.9608871256317723,0.0,148.75084673667868,1.249153263321304,0.0
2022-01-18,0.0,7.4311418802287,148.43349375932726,0.7977965401673184,0.0,148.04186719915907,0.997245675209148,0.0,147.4544273589068,1.2964193777718924,0.0
2022-01-19,0.0,5.210590346487388,147.70675486823967,0.7267388910875964,0.0,147.13344358529957,0.9084236138594954,0.0,146.27347666088946,1.180950698017344,0.0
2022-01-20,0.0,5.586364772955102,146.9679911955051,0.7387636727345632,0.0,146.20998899438138,0.923454590918204,0.0,145.0729856926958,1.2004909681936653,0.0
2022-01-21,0.0,4.6484324670301005,146.25924135656015,0.7087498389449632,0.0,145.32405169570018,0.885937298681204,0.0,143.92126720441024,1.1517184882855651,0.0
2022-01-22,0.0,6.530937602905665,145.49025135326718,0.7689900032929813,0.0,144.36281419158396,0.9612375041162265,0.0,142.67165844905915,1.2496087553510946,0.0
2022-01-23,3.6992640640113033,4.991436467960293,148.46978945030378,0.7197259669747293,0.0,147.16242079687686,0.8996574587184116,0.0,145.20136781673654,1.1695546963339352,0.0
2022-01-24,0.0,7.931490093458258,147.6559817673131,0.8138076829906643,0.0,146.14516119313853,1.0172596037383304,0.0,143.87893033187672,1.3224374848598295,0.0
2022-01-25,0.0,3.3128764260581667,146.98996972167924,0.6660120456338614,0.0,145.31264613609622,0.8325150570423266,0.0,142.7966607577217,1.0822695741550248,0.0
2022-01-26,0.0,6.267129773348309,146.2294215689321,0.7605481527471459,0.0,144.36196094516228,0.9506851909339323,0.0,141.5607700095076,1.2358907482141122,0.0
2022-01-27,0.0,7.692758110815713,145.423253309386,0.8061682595461028,0.0,143.35425062072966,1.0077103244326284,0.0,140.25074658774517,1.310023421762417,0.0
2022-01-28,0.0,7.564710521937254,144.62118257268403,0.802070736701992,0.0,142.35166219985217,1.00258842087749,0.0,138.94738164060442,1.3033649471407371,0.0
2022-01-29,0.0,12.691919059121616,143.65504116279214,0.9661414098918919,0.0,141.14398543748732,1.2076767623648648,0.0,137.3774018495301,1.5699797910743243,0.0
2022-01-30,0.0,8.11654196435019,142.83531181993294,0.8197293428592062,0.0,140.1193237589133,1.0246616785740077,0.0,136.04534166738387,1.3320601821462101,0.0
2022-01-31,0.0,5.522169929350428,142.09860238219372,0.7367094377392137,0.0,139.1984369617393,0.9208867971740171,0.0,134.84818883105766,1.1971528363262223,0.0
2022-02-01,0.0,7.454901276181999,141.3000455413559,0.798556840837824,0.0,138.20024091069203,0.9981960510472799,0.0,133.5505339646962,1.297654866361464,0.0
2022-02-02,0.0,4.2110669501079725,140.60529139895243,0.6947541424034551,0.0,137.3317982326877,0.8684426780043188,0.0,132.4215584832906,1.1289754814056145,0.0
2022-02-03,0.0,7.722234278588732,139.7981799020376,0.8071114969148394,0.0,136.32290886154416,1.0088893711435492,0.0,131.11000230080398,1.311556182486614,0.0
2022-02-04,0.0,6.339304615482012,139.03532215434217,0.7628577476954244,0.0,135.3693366769249,0.9535721846192804,0.0,129.8703584607989,1.2396438400050644,0.0
2022-02-05,9.053374780358418,9.960252878883654,147.2099688425763,0.8787280921242768,0.0,143.32430134212797,1.098410115155346,0.0,137.49580009145538,1.4279331497019498,0.0
2022-02-06,0.0,7.156483262479474,146.42096137817697,0.7890074643993432,0.0,142.3380420116288,0.9862593304991789,0.0,136.21366296180645,1.2821371296489326,0.0
2022-02-07,0.0,8.150121985986724,145.6001574746254,0.8208039035515752,0.0,141.31203713218935,1.026004879439469,0.0,134.87985661853514,1.3338063432713096,0.0
2022-02-08,0.0,7.24258870684138,144.80839463600648,0.7917628386189242,0.0,140.32233358391568,0.9897035482736551,0.0,133.5932420057794,1.2866146127557516,0.0
2022-02-09,0.0,12.123379694804887,143.86044648577274,0.9479481502337563,0.0,139.13739839612347,1.1849351877921954,0.0,132.05282626164953,1.540415744129854,0.0
2022-02-10,0.0,8.1370469833555,143.04006098230536,0.820385503467376,0.0,138.11191651678925,1.02548187933422,0.0,130.71969981851504,1.333126443134486,0.0
2022-02-11,0.0,12.580345385807142,142.07748992995954,0.9625710523458285,0.0,136.90870270135696,1.2032138154322856,0.0,129.15552185845306,1.5641779600619712,0.0
2022-02-12,1.4047273083499094,10.681036654628898,142.58042406536134,0.9017931729481248,0.0,137.18618854352172,1.127241466185156,0.0,129.09483526076227,1.4654139060407028,0.0
2022-02-13,0.0,10.156130720132763,141.6954278823171,0.8849961830442485,0.0,136.07994331471642,1.1062452288053106,0.0,127.65671646331536,1.4381187974469039,0.0
2022-02-14,32.09656071364191,10.070448731723864,150.0,0.8822543594151636,22.90973423654384,150.0,1.1028179492689545,17.073686079089356,150.0,1.433663334049641,8.319613842907643
2022-02-15,0.0,10.263241464756309,149.1115762731278,0.8884237268722018,0.0,148.88947034140975,1.1105296585902522,0.0,148.55631144383267,1.4436885561673278,0.0
2022-02-16,0.0,5.764603125925783,148.3671089730982,0.744467300029625,0.0,147.95888621637272,0.9305841250370313,0.0,147.34655208128453,1.2097593625481406,0.0
2022-02-17,0.0,9.208077138042984,147.51245050468083,0.8546584684173756,0.0,146.890563130851,1.0683230855217194,0.0,145.9577320701063,1.3888200111782352,0.0
2022-02-18,0.0,11.6036065038476,146.58113509655772,0.9313154081231233,0.0,145.7264188706971,1.164144260153904,0.0,144.4443445319062,1.5133875382000752,0.0
2022-02-19,0.0,9.964450131452018,145.70227269235124,0.8788624042064646,0.0,144.62784086543903,1.0985780052580807,0.0,143.0161931250707,1.428151406835505,0.0
2022-02-20,0.0,7.402281905234965,144.90539967138372,0.7968730209675189,0.0,143.63174958922963,0.9960912762093985,0.0,141.7212744659985,1.2949186590722181,0.0
2022-02-21,0.0,10.259688389816551,144.01708964290958,0.8883100284741297,0.0,142.52136205363698,1.110387535592662,0.0,140.27777066972806,1.4435037962704607,0.0
2022-02-22,0.0,13.925917615106876,143.01146027922616,1.00562936368342,0.0,141.2643253490327,1.257036704604275,0.0,138.6436229537425,1.6341477159855575,0.0
2022-02-23,0.0,13.166027505565124,142.03014739904808,0.9813128801780838,0.0,140.0376842488101,1.2266411002226048,0.0,137.04898952345312,1.5946334302893863,0.0
2022-02-24,0.0,10.704055955144767,141.12761760848343,0.9025297905646327,0.0,138.90952201060432,1.1281622382057908,0.0,135.58237861378558,1.466610909667528,0.0
2022-02-25,0.0,12.888018662056444,140.15520101129763,0.9724165971858062,0.0,137.69400126412205,1.2155207464822577,0.0,134.00220164335863,1.580176970426935,0.0
2022-02-26,0.0,10.410351896827828,139.26206975059915,0.8931312606984906,0.0,136.57758718824894,1.1164140758731131,0.0,132.55086334472358,1.4513382986350472,0.0
2022-02-27,19.35701143199915,7.895011397439831,150.0,0.8126403647180747,7.80644081788023,150.0,1.0158004558975933,4.918798164350505,150.0,1.3205405926668714,0.5873341840558624
2022-02-28,0.0,9.614306801977175,149.13234218233674,0.8676578176632695,0.0,148.9154277279209,1.084572272079087,0.0,148.59005604629718,1.4099439537028131,0.0
2022-03-01,8.690531486414606,14.750548541075265,150.0,1.0320175533144085,6.790856115436952,150.0,1.2900219416430105,6.3159372726925085,150.0,1.6770285241359137,5.603559008575871
2022-03-02,0.0,11.239317219417748,149.08034184897863,0.9196581510213679,0.0,148.85042731122329,1.14957268877671,0.0,148.5055555045903,1.494444495409723,0.0
2022-03-03,0.0,11.464019794687072,148.15349321554865,0.9268486334299862,0.0,147.6918665194358,1.1585607917874827,0.0,146.99942647526657,1.5061290293237275,0.0
2022-03-04,0.0,11.51549927864415,147.22499723863203,0.9284959769166128,0.0,146.53124654829003,1.1606199711457659,0.0,145.49062051277707,1.5088059624894956,0.0
2022-03-05,0.0,16.08869160380496,146.15015910731026,1.0748381313217588,0.0,145.18769888413783,1.3435476641521984,0.0,143.7440085493792,1.746611963397858,0.0
2022-03-06,16.460080694463667,15.698384879562257,150.0,1.0623483161459923,11.547891485627929,150.0,1.3279353951824904,10.319844183419008,150.0,1.7263160137372375,8.47777323010564
2022-03-07,4.203264136832323,17.050832806836766,150.0,1.1056266498187763,3.097637487013543,150.0,1.3820333122734705,2.821230824558853,150.0,1.7966433059555116,2.406620830876818
2022-03-08,0.0,12.462694449158244,149.04119377762694,0.9588062223730639,0.0,148.80149222203366,1.1985077779663298,0.0,148.44193988864376,1.5580601113562287,0.0
2022-03-09,0.0,13.540203978807998,148.0479072503051,0.9932865273218561,0.0,147.55988406288134,1.24160815915232,0.0,146.82784928174576,1.614090606898016,0.0
2022-03-10,18.691560011781576,10.084447802725975,150.0,0.8827023296872313,15.856764932399443,150.0,1.103377912109039,15.148066162553874,150.0,1.4343912857417507,14.085018007785578
2022-03-11,5.8879773029154725,16.240937410421772,150.0,1.0797099971334967,4.808267305781953,150.0,1.3496374964168707,4.538339806498584,150.0,1.754528745341932,4.13344855757353
2022-03-12,0.0,11.121352690821318,149.0841167138937,0.9158832861062822,0.0,148.85514589236715,1.1448541076328527,0.0,148.51168966007728,1.4883103399227084,0.0
2022-03-13,5.479124377718884,14.06076340639261,150.0,1.0099444290045636,3.5532966626080054,150.0,1.2624305362557044,3.0718397338303305,150.0,1.6411596971324158,2.349654340663733
2022-03-14,0.0,11.603314495740785,149.0686939361363,0.9313060638637052,0.0,148.83586742017036,1.1641325798296314,0.0,148.48662764622148,1.5133723537785209,0.0
2022-03-15,0.0,12.79124937204826,148.09937395623075,0.9693199799055443,0.0,147.62421744528842,1.2116499748819303,0.0,146.91148267887496,1.5751449673465094,0.0
2022-03-16,2.864578726892292,12.465827150526136,150.0,0.9589064688168364,0.005046214306190677,149.29016308615968,1.1986330860210455,0.0,148.2178383939399,1.5582230118273592,0.0
2022-03-17,11.806370291323104,13.096225210625166,150.0,0.9790792067400051,10.827291084583095,150.0,1.2238490084250064,9.872684369057765,150.0,1.5910037109525084,8.433204974310485
2022-03-18,0.0,13.405557921469503,149.01102214651297,0.9889778534870243,0.0,148.76377768314123,1.2362223168587803,0.0,148.3929109880836,1.6070890119164143,0.0
2022-03-19,0.0,13.559246293922389,148.01712626510746,0.9938958814055164,0.0,147.52140783138432,1.2423698517568955,0.0,146.77783018079964,1.6150808072839642,0.0
2022-03-20,0.0,16.49453426200227,146.92930116872338,1.0878250963840725,0.0,146.16162646090424,1.3597813704800907,0.0,145.01011439917554,1.767715781624118,0.0
2022-03-21,0.0,12.79027441387496,145.9600123874794,0.9692887812439989,0.0,144.95001548434925,1.2116109765549985,0.0,143.43502012965405,1.575094269521498,0.0
2022-03-22,0.0,15.61321641558608,144.90038946218064,1.0596229252987546,0.0,143.6254868277258,1.324528656623443,0.0,141.71313287604357,1.7218872536104761,0.0
2022-03-23,0.0,17.780134420838575,143.77142516071382,1.1289643014668342,0.0,142.21428145089226,1.4112053768335429,0.0,139.87856588615998,1.8345669898836057,0.0
2022-03-24,0.0,14.489803943205745,142.74775143453124,1.0236737261825837,0.0,140.93468929316404,1.2795921577282297,0.0,138.21509608111327,1.6634698050466985,0.0
2022-03-25,0.0,14.252186486527997,141.73168146696236,1.0160699675688958,0.0,139.66460183370293,1.2700874594611198,0.0,136.56398238381382,1.6511136972994558,0.0
2022-03-26,8.351158789832342,15.398598737013964,149.03008509721025,1.0527551595844469,0.0,146.69981667405472,1.3159439494805585,0.0,143.20441403932145,1.7107271343247261,0.0
2022-03-27,0.0,18.390467391195767,147.88159014069197,1.1484949565182647,0.0,145.26419797840688,1.4356186956478307,0.0,141.33810973497927,1.86630430434218,0.0
2022-03-28,0.0,16.590295710900243,146.79070067794316,1.0908894627488077,0.0,143.90058614997088,1.3636118284360097,0.0,139.56541435801245,1.7726953769668126,0.0
2022-03-29,0.0,15.310359131917451,145.7407691857218,1.0499314922213585,0.0,142.58817178469417,1.312414365276698,0.0,137.85927568315273,1.7061386748597074,0.0
2022-03-30,0.0,17.51084150901889,144.6204222574332,1.1203469282886045,0.0,141.1877381243334,1.4004336603607555,0.0,136.03871192468375,1.8205637584689822,0.0
2022-03-31,24.173831081319378,14.508347142141927,150.0,1.0242671085485415,17.76998623020404,150.0,1.280333885685677,14.081235319967107,150.0,1.66443405139138,8.548108954611763
2022-04-01,0.0,18.24498611931834,148.85616044418182,1.1438395558181869,0.0,148.57020055522727,1.4297994447727336,0.0,148.14126072179545,1.8587392782045538,0.0
2022-04-02,2.4798227592562867,17.868259614089727,150.0,1.1317843076508713,0.20419889578724337,149.63529292991996,1.414730384563589,0.0,148.78193398111907,1.8391494999326659,0.0
2022-04-03,0.0,16.603598187763886,148.90868485799155,1.0913151420084444,0.0,148.2711490024094,1.3641439275105554,0.0,147.00854687535534,1.773387105763722,0.0
2022-04-04,11.851940720054092,15.709556063165037,150.0,1.0627057940212812,9.697919784024378,150.0,1.3283822425266014,8.794707479936903,150.0,1.726896915284582,7.133590680124854
2022-04-05,20.835889217868,15.780171106594956,150.0,1.0649654754110387,19.770923742456944,150.0,1.3312068442637983,19.504682373604197,150.0,1.7305688975429379,19.105320320325035
2022-04-06,9.726308530460068,18.78921624803288,150.0,1.161254919937052,8.565053610523023,150.0,1.4515686499213152,8.27473988053876,150.0,1.8870392448977098,7.839269285562352
2022-04-07,0.0,20.342785333784214,148.7890308693189,1.2109691306810948,0.0,148.48628858664864,1.5137114133513685,0.0,148.03217516264323,1.967824837356779,0.0
2022-04-08,0.0,16.774596752505303,147.69224377323874,1.0967870960801698,0.0,147.11530471654842,1.3709838701002122,0.0,146.24989613151294,1.7822790311302759,0.0
2022-04-09,0.0,19.129470024026613,146.5201007324699,1.1721430407688516,0.0,145.65012591558735,1.4651788009610645,0.0,144.34516369026355,1.9047324412493838,0.0
2022-04-10,0.0,14.201174958736996,145.5056631337903,1.014437598679584,0.0,144.38207891723786,1.2680469983494798,0.0,142.69670259240922,1.6484610978543237,0.0
2022-04-11,0.0,17.367525760449315,144.38990230945592,1.1157608243343782,0.0,142.9873778868199,1.3947010304179726,0.0,140.88359125286587,1.8131113395433645,0.0
2022-04-12,0.0,18.635127563164925,143.23357822743463,1.1563240820212777,0.0,141.5419727842933,1.445405102526597,0.0,139.0045646195813,1.8790266332845762,0.0
2022-04-13,0.0,17.037267228472405,142.12838567612351,1.105192551311117,0.0,140.1604820951544,1.381490689138896,0.0,137.20862672370072,1.795937895880565,0.0
2022-04-14,0.0,17.14186714248054,141.01984592756415,1.1085397485593773,0.0,138.77480740945518,1.3856746856992215,0.0,135.40724963229172,1.801377091408988,0.0
2022-04-15,0.0,17.836376913185397,139.88908186634222,1.1307640612219327,0.0,137.36135233292777,1.4134550765274159,0.0,133.56975803280608,1.8374915994856407,0.0
2022-04-16,5.776879633109103,19.91214138215706,144.4687729752223,1.1971885242290259,0.0,141.6417463107506,1.4964856552862824,0.0,137.401206314043,1.945431351872167,0.0
2022-04-17,0.0,19.10763538059136,143.29732864304336,1.1714443321789236,0.0,140.17744089552693,1.4643054152236545,0.0,135.49760927425226,1.903597039790751,0.0
2022-04-18,9.507742639918792,15.159040242378564,150.0,1.0450892877561142,1.759981995206033,148.3788219257506,1.3063616096951427,0.0,143.30708182156738,1.6982700926036856,0.0
2022-04-19,0.0,15.545938095887752,148.9425299809316,1.057470019068408,0.0,147.0569844019151,1.32183752383551,0.0,141.5886930405812,1.718388780986163,0.0
2022-04-20,0.0,18.72402514588542,147.78336117626327,1.1591688046683335,0.0,145.60802339607966,1.4489610058354168,0.0,139.70504373299516,1.8836493075860419,0.0
2022-04-21,0.0,21.002082610628147,146.55129453272318,1.2320666435401009,0.0,144.06794009165452,1.5400833044251259,0.0,137.7029354372425,2.002108295752664,0.0
2022-04-22,22.72870351742985,14.739146388205032,150.0,1.031652684422561,18.248345365730472,150.0,1.2895658555282012,15.50707775355616,150.0,1.6764356121866617,8.755203342485686
2022-04-23,0.0,19.380591363079738,148.81982107638146,1.1801789236185518,0.0,148.52477634547682,1.4752236545231896,0.0,148.08220924911984,1.9177907508801466,0.0
2022-04-24,0.0,19.47185741864136,147.63672163898494,1.1830994373965236,0.0,147.04590204873116,1.4788742967456545,0.0,146.15967266335048,1.9225365857693508,0.0
2022-04-25,0.0,23.443693119328078,146.32652345916645,1.3101981798184985,0.0,145.40815432395803,1.6377477247731231,0.0,144.03060062114542,2.12907204220506,0.0
2022-04-26,0.0,20.03795911111228,145.12530876761085,1.201214691555593,0.0,143.90663595951355,1.5015183644444912,0.0,142.0786267473676,1.9519738737778385,0.0
2022-04-27,0.0,21.71324483908949,143.87048493275998,1.2548238348508638,0.0,142.33810616594997,1.5685297935635796,0.0,140.03953801573493,2.0390887316326536,0.0
2022-04-28,0.0,21.367282981326188,142.62673187735754,1.243753055402438,0.0,140.78341484669693,1.5546913192530476,0.0,138.01843930070598,2.021098715028962,0.0
2022-04-29,0.0,16.959334524794276,141.52403317256412,1.1026987047934167,0.0,139.40504146570515,1.3783733809917709,0.0,136.22655390541667,1.7918853952893021,0.0
2022-04-30,0.0,22.890737442165246,140.23152957441482,1.292503598149288,0.0,137.78941196801856,1.61562949768661,0.0,134.12623555842407,2.100318346992593,0.0
2022-05-01,0.0,21.91708862126239,138.97018273853442,1.2613468358803965,0.0,136.21272842316807,1.5766835448504954,0.0,132.07654695011843,2.0496886083056443,0.0
2022-05-02,22.721486671380774,22.63288346177196,150.0,1.2842522707767028,10.407417139138488,150.0,1.6053153384708785,7.328899756077959,150.0,2.0869099400121423,2.7111236814870665
2022-05-03,0.0,29.59691160120211,148.49289882876153,1.5071011712384674,0.0,148.1161235359519,1.8838764640480843,0.0,147.5509605967375,2.4490394032625096,0.0
2022-05-04,0.0,17.702301793239492,147.36642517137787,1.1264736573836636,0.0,146.70803146422233,1.4080920717295795,0.0,145.72044090348905,1.8305196932484533,0.0
2022-05-05,0.0,25.44397657003869,145.99221792113664,1.3742072502412381,0.0,144.99027240142078,1.7177590628015476,0.0,143.48735412184703,2.2330867816420117,0.0
2022-05-06,0.0,21.541671184017037,144.7428844432481,1.2493334778885452,0.0,143.4286055540601,1.5616668473606814,0.0,141.45718722027814,2.0301669015688857,0.0
2022-05-07,0.0,22.811098191765144,143.45292930111162,1.2899551421364848,0.0,141.81616162638952,1.6124439276706057,0.0,139.36101011430637,2.0961771059717877,0.0
2022-05-08,0.0,22.26314573903737,142.18050863746242,1.272420663649196,0.0,140.22563579682802,1.5905258295614948,0.0,137.29332653587642,2.067683578429943,0.0
2022-05-09,7.306098593502485,21.621248210169465,148.2347272882395,1.251879942725423,0.0,145.96688446192374,1.5648499284067787,0.0,142.5651202224501,2.0343049069288126,0.0
2022-05-10,0.0,21.443392228308102,146.98853873693363,1.2461885513058595,0.0,144.4091487727914,1.5577356891323242,0.0,140.5400638265781,2.0250563958720216,0.0
2022-05-11,0.0,23.3531657399854,145.6812374332541,1.307301303679533,0.0,142.775022143192,1.634126629599416,0.0,138.41569920809886,2.1243646184792406,0.0
2022-05-12,0.0,19.768611117364397,144.48864187749842,1.1925955557556607,0.0,141.28427769849742,1.490744444694576,0.0,136.4777314299959,1.9379677781029487,0.0
2022-05-13,22.421878825897185,24.410614902611304,150.0,1.3411396768835617,15.569381026512048,150.0,1.6764245961044522,12.029731928290147,150.0,2.1793519749357877,6.720258280957296
2022-05-14,0.0,22.181222071976254,148.73020089369675,1.26979910630324,0.0,148.41275111712096,1.58724888287905,0.0,147.93657645225724,2.063423547742765,0.0
2022-05-15,0.0,20.85525191199289,147.50283283251298,1.2273680611837727,0.0,146.87854104064124,1.5342100764797157,0.0,145.9421033528336,1.9944730994236306,0.0
2022-05-16,0.0,22.314739817032518,146.22876115836794,1.2740716741450406,0.0,145.28595144795995,1.5925895926813007,0.0,143.87173688234793,2.0703664704856912,0.0
2022-05-17,0.0,25.826004697383222,144.84232900805168,1.386432150316263,0.0,143.5529112600646,1.7330401878953288,0.0,141.618784638084,2.2529522442639274,0.0
2022-05-18,0.0,22.335513882312338,143.56759256381767,1.2747364442339948,0.0,141.95949070477212,1.5934205552924934,0.0,139.54733791620376,2.0714467218802413,0.0
2022-05-19,0.0,24.21507815169452,142.23271006296343,1.3348825008542247,0.0,140.29088757870434,1.6686031260677807,0.0,137.37815385231565,2.169184063888115,0.0
2022-05-20,0.0,22.125727031327084,140.96468679796098,1.2680232650024668,0.0,138.70585849745126,1.5850290812530834,0.0,135.31761604668665,2.0605378056290085,0.0
2022-05-21,7.994981696487917,25.19040724714321,147.59357546254031,1.3660930319085827,0.0,144.99322390405345,1.7076162898857283,0.0,141.09269656632313,2.219901176851447,0.0
2022-05-22,0.0,25.12993252902284,146.2294176216116,1.364157840928731,0.0,143.28802660289253,1.7051973011609136,0.0,138.87594007481394,2.2167564915091877,0.0
2022-05-23,0.0,27.53789276602646,144.78820505309875,1.4412125685128467,0.0,141.48651089225146,1.8015157106410584,0.0,136.53396965098057,2.341970423833376,0.0
2022-05-24,0.0,23.56868557359705,143.47400711474364,1.3141979383551057,0.0,139.8437634693076,1.642747422943882,0.0,134.3983980011535,2.135571649827047,0.0
2022-05-25,0.0,25.333618306038247,142.10333132895042,1.370675785793224,0.0,138.13041873706607,1.7133447322415298,0.0,132.17104984923952,2.227348151913989,0.0
2022-05-26,0.0,24.26627320710425,140.7668105863231,1.336520742627336,0.0,136.4597678087819,1.67065092828417,0.0,129.9992036424701,2.171846206769421,0.0
2022-05-27,0.0,26.733023445579363,139.35135383606456,1.4154567502585396,0.0,134.6904468709587,1.7693209378231745,0.0,127.69908642329996,2.3001172191701267,0.0
2022-05-28,0.0,22.772048101948887,138.0626482968022,1.2887055392623645,0.0,133.07956494688077,1.6108819240779555,0.0,125.60493992199862,2.094146501301342,0.0
2022-05-29,0.0,25.76542746154653,136.6781546180327,1.384493678769489,0.0,131.3489478484189,1.7306170984618612,0.0,123.3551376939982,2.2498022280004197,0.0
2022-05-30,16.313892369894216,23.94897769599589,150.0,1.3263672862718687,1.6656797016550229,146.00488111047326,1.6579591078398357,0.0,137.51368322370064,2.1553468401917866,0.0
2022-05-31,13.037146559777542,24.27018422520196,150.0,1.3366458952064626,11.70050066457108,150.0,1.6708073690080782,7.371220301242715,148.3787802037677,2.1720495797105017,0.0
2022-06-01,0.0,24.63946884316817,148.6515369970186,1.3484630029813816,0.0,148.31442124627327,1.6855787537267268,0.0,146.18752782392295,2.191252379844745,0.0
2022-06-02,0.0,25.01504595580489,147.29105552643284,1.3604814705857566,0.0,146.61381940804108,1.7006018382321957,0.0,143.9767454342211,2.2107823897018544,0.0
2022-06-03,0.0,24.32989017967514,145.95249904068325,1.3385564857496046,0.0,144.94062380085407,1.6731956071870056,0.0,141.801591144878,2.1751542893431073,0.0
2022-06-04,5.548311949495285,25.04072420506406,150.0,1.3613031745620499,0.13950781561649706,148.7873067821468,1.7016289682025623,0.0,145.13778543570993,2.212117658663331,0.0
2022-06-05,0.0,27.813635491672915,148.54996366426647,1.4500363357335333,0.0,146.97476136247988,1.8125454196669166,0.0,142.78147639014293,2.3563090455669915,0.0
2022-06-06,0.0,26.67153858974551,147.1364744293946,1.4134892348718564,0.0,145.20789981889007,1.7668615435898203,0.0,140.48455638347616,2.2969200066667663,0.0
2022-06-07,0.0,26.479313736717994,145.72913638981964,1.407338039574976,0.0,143.44872726942134,1.7591725494687198,0.0,138.19763206916681,2.286924314309336,0.0
2022-06-08,0.0,23.867404363008827,144.40537945020336,1.3237569396162825,0.0,141.794031094901,1.654696174520353,0.0,136.04652704229036,2.151105026876459,0.0
2022-06-09,0.0,23.03458304625945,143.10827279272306,1.2971066574803025,0.0,140.1726477730506,1.621383321850378,0.0,133.93872872388488,2.1077983184054916,0.0
2022-06-10,0.0,26.755339283996427,141.69210193563518,1.4161708570878857,0.0,138.40243420169077,1.770213571359857,0.0,131.63745108111706,2.3012776427678143,0.0
2022-06-11,0.0,26.62558800899945,140.2800831193472,1.4120188162879825,0.0,136.63741068133078,1.765023520359978,0.0,129.3429205046491,2.2945305764679715,0.0
2022-06-12,2.989363898657736,27.844666302375494,141.81841769632894,1.4510293216760157,0.0,137.8129879278935,1.8137866520950197,0.0,129.97436175558332,2.3579226477235258,0.0
2022-06-13,21.25902658258173,23.71426084224086,150.0,1.3188563469517076,11.758587931958942,150.0,1.6485704336896343,7.423444076785586,149.09024677436852,2.1431415637965245,0.0
2022-06-14,0.0,24.483081758218827,148.656541383737,1.3434586162630024,0.0,148.32067672967125,1.679323270328753,0.0,146.90712652294116,2.183120251427379,0.0
2022-06-15,0.0,21.68022163642092,147.40277429137151,1.2537670923654696,0.0,146.7534678642144,1.5672088654568368,0.0,144.86975499784728,2.0373715250938877,0.0
2022-06-16,0.0,24.18830751895981,146.0687484507648,1.334025840606714,0.0,145.08593556345602,1.6675323007583924,0.0,142.70196300686138,2.16779199098591,0.0
2022-06-17,0.0,26.97749523271453,144.6454686033179,1.423279847446865,0.0,143.30683575414744,1.7790998093085812,0.0,140.38913325476022,2.312829752101156,0.0
2022-06-18,0.0,24.05950935394044,143.3155643039918,1.329904299326094,0.0,141.64445537998984,1.6623803741576175,0.0,138.22803876835533,2.161094486404903,0.0
2022-06-19,0.0,26.278644610200555,141.9146476764654,1.400916627526418,0.0,139.89330959558183,1.7511457844080223,0.0,135.9515492486249,2.276489519730429,0.0
2022-06-20,0.0,24.61890118536628,140.56684283853366,1.347804837931721,0.0,138.20855354816717,1.684756047414651,0.0,133.76136638698586,2.1901828616390464,0.0
2022-06-21,0.0,25.6472806429905,139.18612985795795,1.3807129805756961,0.0,136.48266232244757,1.72589122571962,0.0,131.51770779355036,2.243658593435506,0.0
2022-06-22,25.914524874730976,22.70008002724224,150.0,1.2864025608717518,13.814252171817174,150.0,1.6080032010896896,10.789183996088838,150.0,2.0904041614165965,5.3418285068647435
2022-06-23,0.0,25.159216055118137,148.63490508623622,1.3650949137637804,0.0,148.29363135779528,1.7063686422047255,0.0,147.78172076513385,2.2182792348661433,0.0
2022-06-24,11.615339197131764,18.996899666852475,150.0,1.1679007893392792,9.082343494028692,150.0,1.459875986674099,8.449094568252946,150.0,1.8978387826763286,7.499221179589284
2022-06-25,0.0,24.59279670121773,148.65303050556102,1.3469694944389674,0.0,148.3162881319513,1.683711868048709,0.0,147.81117457153667,2.1888254284633217,0.0
2022-06-26,0.0,21.690106623576696,147.39894709360658,1.2540834119544542,0.0,146.74868386700822,1.5676042649430677,0.0,145.77328902711068,2.037885544425988,0.0
2022-06-27,7.985089571023049,27.344557525767776,150.0,1.4350258408245689,3.949010823805054,150.0,1.793782301030711,2.939991137000561,150.0,2.3319169913399245,1.4264616067937936
2022-06-28,0.0,26.46595534546357,148.59308942894518,1.4069105710548344,0.0,148.24136178618147,1.7586382138185428,0.0,147.71377032203588,2.286229677964106,0.0
2022-06-29,0.0,25.82011786625557,147.206845657225,1.3862437717201783,0.0,146.50855707153124,1.7328047146502228,0.0,145.46112419299058,2.2526461290452895,0.0
2022-06-30,2.102344124434607,27.901493953957065,147.85634197513298,1.4528478065266262,0.0,146.79484143780758,1.8160597581582825,0.0,145.20259063181942,2.360877685605767,0.0
2022-07-01,20.840030597465823,22.931432478150143,150.0,1.2938058393008047,17.402566733297988,150.0,1.6172572991260057,16.01761473614738,150.0,2.1024344888638073,13.94018674042141
2022-07-02,0.0,28.29086331228601,148.53469237400685,1.4653076259931526,0.0,148.16836546750855,1.8316345324914405,0.0,147.61887510776114,2.381124892238873,0.0
2022-07-03,0.0,26.62448863484445,147.12270873769182,1.4119836363150224,0.0,146.40338592211478,1.764979545393778,0.0,145.32440169874923,2.2944734090119114,0.0
2022-07-04,0.0,24.24807139185272,145.78677045315254,1.3359382845392869,0.0,144.73346306644066,1.6699228556741086,0.0,143.15350198637287,2.1708997123763414,0.0
2022-07-05,0.0,26.950618124606528,144.36435067316512,1.422419779987409,0.0,142.95543834145641,1.7780247249842611,0.0,140.84206984389334,2.3114321424795397,0.0
2022-07-06,0.0,22.422118460818226,143.08684288241895,1.2775077907461831,0.0,141.3585536030237,1.596884738432729,0.0,138.76611968393078,2.075950159962548,0.0
2022-07-07,0.0,22.938149846817616,141.7928220873208,1.294020795098164,0.0,139.741027609151,1.6175259938727047,0.0,136.66333589189625,2.1027837920345163,0.0
2022-07-08,0.0,23.31963051982505,140.4865939106864,1.3062281766344017,0.0,138.10824238835798,1.632785220793002,0.0,134.54071510486534,2.1226207870309026,0.0
2022-07-09,0.0,23.425660383993684,139.1769727783986,1.309621132287798,0.0,136.47121597299824,1.6370264153597474,0.0,132.41258076489768,2.1281343399676715,0.0
2022-07-10,10.501279372594356,22.314496148383704,148.4041882742447,1.2740638767482786,0.0,145.37991549965724,1.5925798459353482,0.0,140.8435063377761,2.070353799715953,0.0
2022-07-11,6.361363189364753,26.81497959714497,150.0,1.4180793471086393,3.3474721165008248,149.9686795051362,1.7725991838857988,0.0,144.90049058808933,2.3043789390515386,0.0
2022-07-12,16.684565026185982,23.78953050964013,150.0,1.321264976308484,15.363300049877523,150.0,1.651581220385605,15.001663310936607,150.0,2.1470555865012866,9.438000027774024
2022-07-13,0.0,24.94791715864469,148.64166665092338,1.35833334907663,0.0,148.3020833136542,1.6979166863457875,0.0,147.79270830775047,2.207291692249524,0.0
2022-07-14,0.0,23.035133527766572,147.34454237803484,1.2971242728885304,0.0,146.68067797254355,1.6214053411106628,0.0,145.68488136430662,2.107826943443862,0.0
2022-07-15,0.0,20.464839699845125,146.1296675076398,1.214874870395044,0.0,145.16208438454976,1.5185935879938048,0.0,143.71070969991467,1.9741716643919465,0.0
2022-07-16,1.6318097311588813,24.573672740029693,146.41511971111774,1.34635752768095,0.0,145.11094720610745,1.6829469096011875,0.0,143.154688448592,2.187830982481544,0.0
2022-07-17,2.6979110958476618,20.133882956509535,147.90874655235712,1.2042842546083052,0.0,146.30350298369476,1.5053553182603814,0.0,143.89563763070117,1.956961913738496,0.0
2022-07-18,4.039394311086567,23.743305134123997,150.0,1.319785764291968,0.6283550991517188,148.69316508941637,1.64973220536496,0.0,145.7903800748133,2.144651866974448,0.0
2022-07-19,12.70106783390492,21.063491962069737,150.0,1.2340317427862315,11.467036091118672,150.0,1.5425396784827894,9.851693244838486,150.0,2.0053015820276263,6.486146326690601
2022-07-20,0.0,27.691615185554834,148.55386831406224,1.4461316859377549,0.0,148.1923353925778,1.8076646074221934,0.0,147.65003601035116,2.3499639896488516,0.0
2022-07-21,9.601099333675045,25.45414672484856,150.0,1.374532695195154,6.7804349525421514,150.0,1.7181658689939423,6.075268857258919,150.0,2.233615629692125,5.017519714334071
2022-07-22,13.967120271881772,23.75472928004123,150.0,1.3201513369613194,12.646968934920466,150.0,1.650189171201649,12.316931100680137,150.0,2.1452459225621436,11.821874349319643
2022-07-23,0.0,25.97990392883997,148.60864307427713,1.391356925722879,0.0,148.2608038428464,1.7391961571535988,0.0,147.7390449957003,2.2609550042996784,0.0
2022-07-24,19.758304534830398,21.6666228392549,150.0,1.2533319308561568,17.113615678251364,150.0,1.5666649135701958,16.45244346410658,150.0,2.0366643876412547,15.460685142889446
2022-07-25,0.0,24.35050074457928,148.66078397617346,1.339216023826537,0.0,148.32597997021682,1.674020029783171,0.0,147.8237739612819,2.1762260387181227,0.0
2022-07-26,0.0,23.565001381896582,147.34670393195276,1.3140800442206908,0.0,146.68337991494096,1.6426000552758633,0.0,145.68839388942325,2.135380071858622,0.0
2022-07-27,14.380427452683769,23.59283962587679,150.0,1.3149708680280572,10.412160516608452,150.0,1.6437135850350715,9.420093782589646,150.0,2.136827660545593,7.9319936815614085
2022-07-28,0.0,25.506535638039693,148.62379085958273,1.3762091404172703,0.0,148.27973857447842,1.7202614255215878,0.0,147.76366014682193,2.2363398531780643,0.0
2022-07-29,0.0,24.321482756346757,147.28550341137964,1.3382874482030962,0.0,146.60687926422455,1.6728593102538702,0.0,145.5889430434919,2.1747171033300314,0.0
2022-07-30,0.0,23.326287739320453,145.97906220372138,1.3064412076582546,0.0,144.97382775465172,1.6330515095728182,0.0,143.46597608104724,2.122966962444664,0.0
2022-07-31,32.59974366985089,19.32911125544884,150.0,1.1785315601743631,27.400274313397915,150.0,1.4731644502179537,26.100406974284653,150.0,1.91511378528334,24.150605965614773
2022-08-01,0.0,20.60657568476116,148.78058957808764,1.2194104219123572,0.0,148.47573697260955,1.5242630273904463,0.0,148.01845806439243,1.9815419356075803,0.0
2022-08-02,0.0,22.16680224129451,147.51125190636623,1.2693376717214244,0.0,146.88906488295777,1.5866720896517803,0.0,145.9557843478451,2.0626737165473146,0.0
2022-08-03,19.72263665614715,22.482320289418176,150.0,1.2794342492613815,15.954454313252,150.0,1.5992928115767269,15.012408727528197,150.0,2.079080655049745,13.599340348942519
2022-08-04,7.289876098501101,19.91636168741177,150.0,1.1973235739971766,6.09255252450393,150.0,1.4966544674964708,5.793221631004627,150.0,1.945650807745412,5.344225290755702
2022-08-05,0.0,26.879189452228623,148.5798659375287,1.4201340624713161,0.0,148.22483242191086,1.775167578089145,0.0,147.6922821484841,2.3077178515158887,0.0
2022-08-06,0.0,24.96560037937692,147.22096672538862,1.3588992121400616,0.0,146.52620840673578,1.6986240151750769,0.0,145.48407092875652,2.2082112197276,0.0
2022-08-07,4.750977760258729,23.011970735555128,150.0,1.296383063537764,0.6755614221095811,149.6567073375723,1.620478829422205,0.0,148.12842621076638,2.1066224782488665,0.0
2022-08-08,0.0,21.824712364702822,148.7416092043295,1.2583907956704903,0.0,148.08371884298418,1.5729884945881127,0.0,146.08354116780183,2.0448850429645464,0.0
2022-08-09,7.501103351500186,21.12714563228855,150.0,1.2360686602332338,5.006643895596454,150.0,1.545085825291542,4.039736369192809,150.0,2.008611572879005,1.5760329464229983
2022-08-10,14.790862823130333,19.516710212321165,150.0,1.1845347267942772,13.606328096336057,150.0,1.4806684084928465,13.310194414637493,150.0,1.9248689310407006,12.865993892089648
2022-08-11,5.296702570731265,21.44258918299607,150.0,1.2461628538558742,4.050539716875392,150.0,1.5577035673198427,3.738999003411436,150.0,2.025014637515796,3.2716879332154747
2022-08-12,15.123137755279483,21.66835107991878,150.0,1.253387234557401,13.869750520722079,150.0,1.5667340431967511,13.556403712082727,150.0,2.0367542561557768,13.086383499123713
2022-08-13,13.758889145141127,18.532719481285977,150.0,1.1530470234011514,12.605842121739983,150.0,1.4413087792514392,12.317580365889683,150.0,1.873701413026871,11.885187732114247
2022-08-14,2.939239894628886,21.54620535741453,150.0,1.2494785714372652,1.6897613231916182,150.0,1.5618482142965813,1.3773916803322948,150.0,2.030402678585556,0.908837216043338
2022-08-15,0.0,20.427204581393745,148.7863294533954,1.2136705466046,0.0,148.48291181674426,1.51708818325575,0.0,148.0277853617675,1.972214638232475,0.0
2022-08-16,19.436881002731337,16.780277508346984,150.0,1.0969688802671034,17.126241575859638,150.0,1.3712111003338792,16.54858171914171,150.0,1.782574430434043,15.6820919340648
2022-08-17,11.270335395367038,18.731634363847505,150.0,1.1594122996431202,10.110923095723905,150.0,1.4492653745539001,9.821070020813124,150.0,1.8840449869200702,9.386290408446968
2022-08-18,0.0,19.48008941477604,148.81663713872717,1.1833628612728333,0.0,148.52079642340897,1.4792035765910416,0.0,148.07703535043166,1.9229646495683541,0.0
2022-08-19,0.0,23.93599922483891,147.49068516353233,1.3259519751948452,0.0,146.86335645441542,1.6574399689935564,0.0,145.92236339074003,2.1546719596916235,0.0
2022-08-20,0.0,21.125524383525278,146.2546683832595,1.236016780272809,0.0,145.31833547907442,1.5450209753410111,0.0,143.9138361227967,2.0085272679433146,0.0
2022-08-21,31.439896787050596,17.19176393288712,150.0,1.110136445852388,26.584428724457723,150.0,1.3876705573154848,25.370561708809532,150.0,1.8039717245101303,23.54976118533719
2022-08-22,8.020715856104442,20.683667655573917,150.0,1.2218773649783654,6.798838491126077,150.0,1.5273467062229567,6.493369149881488,150.0,1.9855507180898437,6.035165138014577
2022-08-23,6.082151798413249,16.464458957207857,150.0,1.0868626866306514,4.995289111782597,150.0,1.3585783582883142,4.723573440124909,150.0,1.7661518657748085,4.3159999326384195
2022-08-24,2.509697073958142,21.570569951279097,150.0,1.2502582384409313,1.2594388355172157,150.0,1.562822798051164,0.9468742759069642,150.0,2.0316696374665133,0.4780274364916295
2022-08-25,2.4613913680149024,18.307754096059785,150.0,1.1458481310739133,1.3155432369410107,150.0,1.4323101638423914,1.0290812041725133,150.0,1.862003212995109,0.5993881550197955
2022-08-26,17.665003961817582,18.906287210677878,150.0,1.1650011907416922,16.500002771075884,150.0,1.4562514884271152,16.20875247339046,150.0,1.8931269349552498,15.771877026862313
2022-08-27,29.12965736609868,21.58749606164905,150.0,1.2507998739727695,27.878857492125917,150.0,1.5634998424659619,27.56615752363271,150.0,2.0325497952057505,27.097107570892945
2022-08-28,7.402122627798082,16.20275251487115,150.0,1.0784880804758767,6.323634547322229,150.0,1.348110100594846,6.054012527203241,150.0,1.7525431307732997,5.649579497024803
2022-08-29,0.0,15.822900937071692,148.9336671700137,1.0663328299862942,0.0,148.66708396251713,1.3329160374828677,0.0,148.26720915127228,1.7327908487277282,0.0
2022-08-30,6.955575454934525,17.288924474015325,150.0,1.1132455831684904,4.775997041779732,150.0,1.391556978960613,4.231102438491035,150.0,1.809024072648797,3.4137605335579906
2022-08-31,8.707854448480866,20.370842524283937,150.0,1.211866960777086,7.495987487703786,150.0,1.5148337009713575,7.193020747509507,150.0,1.9692838112627649,6.7385706372181176
2022-09-01,0.0,15.092378258404583,148.95704389573106,1.0429561042689468,0.0,148.6963048696638,1.3036951303361834,0.0,148.30519633056295,1.6948036694370385,0.0
2022-09-02,0.0,12.30281699651377,148.0033537518426,0.9536901438884406,0.0,147.50419218980326,1.1921126798605508,0.0,146.75544984674423,1.549746483818716,0.0
2022-09-03,20.47786088956141,16.899989035174162,150.0,1.1007996491255732,17.380414992278446,150.0,1.3759995614069664,16.60605351795772,150.0,1.7887994298290564,15.444511306476585
2022-09-04,0.0,18.74013652710191,148.84031563113274,1.1596843688672611,0.0,148.55039453891592,1.4496054610840763,0.0,148.1155129005907,1.8844870994092993,0.0
2022-09-05,0.0,19.870745304287013,147.64445178139556,1.1958638497371845,0.0,147.05556472674445,1.4948298121714805,0.0,146.17223414476777,1.9432787558229248,0.0
2022-09-06,2.9702805836588504,16.376733978135324,149.53067687775408,1.0840554873003303,0.0,148.67077595127788,1.3550693591254128,0.0,147.38092456156357,1.7615901668630367,0.0
2022-09-07,0.0,16.312355940165958,148.44868148766878,1.0819953900853105,0.0,147.31828171367124,1.3524942376066382,0.0,145.62268205267495,1.7582425088886298,0.0
2022-09-08,0.0,19.274530366447262,147.27189651594247,1.1767849717263124,0.0,145.84730049901336,1.4709812146578904,0.0,143.71040647361968,1.9122755790552577,0.0
2022-09-09,10.104772578746434,13.05818245786478,150.0,0.977861838651673,6.39880725603723,150.0,1.2223272983145912,4.72974577944521,150.0,1.5890254878089687,2.226153564557137
2022-09-10,17.981634757063787,15.851028579019154,150.0,1.067232914528613,16.91440184253517,150.0,1.3340411431607662,16.647593613903013,150.0,1.734253486108996,16.247381270954776
2022-09-11,0.0,16.838839749048866,148.90115712803043,1.0988428719695638,0.0,148.62644641003806,1.3735535899619546,0.0,148.21438033304946,1.785619666950541,0.0
2022-09-12,0.0,17.18591921709588,147.79120771308337,1.1099494149470681,0.0,147.23900964135422,1.3874367686838351,0.0,146.4107125337605,1.8036677992889858,0.0
2022-09-13,12.571461634638858,15.096976684835186,150.0,1.043103253914726,9.31956609380751,150.0,1.3038790673934075,8.50659220859967,150.0,1.6950427876114298,7.287131380787912
2022-09-14,14.438958481846594,16.014249521583675,150.0,1.0724559846906776,13.366502497155892,150.0,1.3405699808633469,13.098388500983248,150.0,1.742740975122351,12.696217506724224
2022-09-15,0.0,10.79721008550865,149.09448927726373,0.9055107227362769,0.0,148.86811159657967,1.131888403420346,0.0,148.52854507555355,1.4714549244464499,0.0
2022-09-16,0.0,14.285635948990231,148.07734892689604,1.0171403503676875,0.0,147.59668615862006,1.2714254379596093,0.0,146.87569200620607,1.652853069347492,0.0
2022-09-17,0.0,16.33723975515424,146.9945572547311,1.0827916721649355,0.0,146.24319656841388,1.3534895902061694,0.0,145.11615553893805,1.7595364672680203,0.0
2022-09-18,0.0,13.293596333761972,146.0091621720507,0.9853950826803832,0.0,145.0114527150634,1.231743853350479,0.0,143.51488852958244,1.6012670093556227,0.0
2022-09-19,0.0,15.20403841206608,144.9626329428646,1.0465292291861146,0.0,143.70329117858077,1.308161536482643,0.0,141.814278532155,1.700609997427436,0.0
2022-09-20,0.0,15.807675032718516,143.8967873418176,1.0658456010469926,0.0,142.37098417727202,1.3323070013087406,0.0,140.0822794304536,1.7319991017013627,0.0
2022-09-21,12.673631284847056,14.056717196013146,150.0,1.0098149502724207,5.5606036763922475,150.0,1.2622686878405258,3.782346774278551,150.0,1.6409492941926835,1.114961421107978
2022-09-22,23.577720259013127,14.91070521194784,150.0,1.037142566782331,22.540577692230784,150.0,1.2964282084779137,22.2812920505352,150.0,1.685356671021288,21.892363587991838
2022-09-23,0.0,12.472402095772848,149.04088313293528,0.9591168670647312,0.0,148.8011039161691,1.198896083830914,0.0,148.4414350910198,1.5585649089801883,0.0
2022-09-24,0.0,13.812912648273276,148.03886992819054,1.0020132047447448,0.0,147.54858741023816,1.252516505930931,0.0,146.81316363330959,1.6282714577102102,0.0
2022-09-25,0.0,15.27506484100645,146.99006785327833,1.0488020749122065,0.0,146.2375848165979,1.311002593640258,0.0,145.10886026157726,1.7043033717323355,0.0
2022-09-26,0.0,14.197355850719925,145.9757524660553,1.0143153872230375,0.0,144.9696905825691,1.2678942340287969,0.0,143.46059775733983,1.648262504237436,0.0
2022-09-27,27.42820667372816,12.539455686346322,150.0,0.9612625819630823,22.442696557820398,150.0,1.201578227453853,21.19631902884339,150.0,1.5620516956900088,19.326752735377994
2022-09-28,0.0,13.990440839382842,148.99230589313976,1.007694106860251,0.0,148.74038236642468,1.2596176335753135,0.0,148.3624970763521,1.6375029236479077,0.0
2022-09-29,0.0,14.80114945188807,147.95866911067935,1.0336367824604182,0.0,147.44833638834916,1.2920459780755227,0.0,146.68283730485393,1.6796597714981796,0.0
2022-09-30,22.688588874458304,9.102451585589424,150.0,0.8512784507388617,19.795979534398782,150.0,1.064098063423577,19.07282719938388,150.0,1.3833274824506503,17.988098696861584
2022-10-01,8.750390403170249,15.351419231976031,150.0,1.0512454154232331,7.699144987747019,150.0,1.3140567692790412,7.436333633891223,150.0,1.7082738000627538,7.042116603107502
2022-10-02,0.0,12.192281368239897,149.04984699621633,0.9501530037836767,0.0,148.8123087452704,1.187691254729596,0.0,148.45600136885153,1.5439986311484748,0.0
2022-10-03,1.055660585921118,13.547923164174344,149.11197404088387,0.993533541253579,0.0,148.62605240462455,1.2419169265669736,0.0,147.8971699502356,1.6144920045370657,0.0
2022-10-04,0.0,14.924272042481103,148.07439733552448,1.0375767053593954,0.0,147.3290815229253,1.2969708816992442,0.0,146.21110780402657,1.6860621462090175,0.0
2022-10-05,6.907695480513997,9.619997678258995,150.0,0.8678399257042879,4.1142528903342,150.0,1.0847999071303598,3.15197709630894,150.0,1.4102398792694677,1.7085634052711214
2022-10-06,0.0,10.778811243152743,149.0950780402191,0.9049219597808877,0.0,148.8688475502739,1.1311524497261096,0.0,148.52950181535607,1.4704981846439427,0.0
2022-10-07,8.500794808586061,11.45577441551369,150.0,0.9265847812964382,6.669288067508717,150.0,1.1582309766205476,6.21141138223939,150.0,1.5057002696067119,5.524596354335415
2022-10-08,0.0,10.301422548392877,149.11035447845143,0.889645521548572,0.0,148.88794309806428,1.112056901935715,0.0,148.55432602748357,1.4456739725164294,0.0
2022-10-09,0.0,15.175788329428316,148.0647292519097,1.045625226541706,0.0,147.58091156488715,1.3070315331771325,0.0,146.8551850343533,1.6991409931302723,0.0
2022-10-10,0.0,9.830332685639082,147.19015860596926,0.8745706459404506,0.0,146.48769825746157,1.0932133074255632,0.0,145.43400773470006,1.4211772996532321,0.0
2022-10-11,0.0,10.271769133728592,146.30146199368994,0.888696612279315,0.0,145.37682749211243,1.1108707653491436,0.0,143.98987573974617,1.4441319949538869,0.0
2022-10-12,0.0,11.631698411166308,145.3692476445326,0.9322143491573218,0.0,144.2115595556658,1.1652679364466523,0.0,142.4750274223655,1.514848317380648,0.0
2022-10-13,28.855831803716253,8.659798181283158,150.0,0.837113541801061,23.38796590644779,150.0,1.0463919272513262,22.020999432130708,150.0,1.3603095054267242,19.970549720655043
2022-10-14,0.0,10.11507898833126,149.1163174723734,0.8836825276266004,0.0,148.89539684046676,1.1046031595332504,0.0,148.56401589260676,1.4359841073932256,0.0
2022-10-15,0.0,11.38490312280481,148.19200057244365,0.9243168999297539,0.0,147.74000071555457,1.1553961249121922,0.0,147.0620009302209,1.5020149623858499,0.0
2022-10-16,0.0,9.929091347730026,147.3142696493163,0.8777309231273609,0.0,146.64283706164537,1.0971636539092011,0.0,145.63568818013894,1.4263127500819615,0.0
2022-10-17,0.0,10.254159347115513,146.42613655020858,0.8881330991076966,0.0,145.53267068776074,1.1101663738846206,0.0,144.19247189408892,1.4432162860500068,0.0
2022-10-18,3.7409844388535096,9.22974069836462,149.31176928671442,0.8553517023476678,0.0,148.20446549867967,1.0691896279345847,0.0,146.54350981662748,1.3899465163149602,0.0
2022-10-19,0.0,7.108332310551565,148.52430265277678,0.7874666339376502,0.0,147.2201322062576,0.9843332924220626,0.0,145.2638765364788,1.2796332801486814,0.0
2022-10-20,0.0,10.630768288220722,147.62411806755372,0.9001845852230631,0.0,146.09490147472877,1.1252307315288288,0.0,143.8010765854913,1.4627999509874774,0.0
2022-10-21,0.0,13.349242233135955,146.63694231609338,0.9871757514603505,0.0,144.86093178540332,1.2339696893254382,0.0,142.19691598936822,1.6041605961230696,0.0
2022-10-22,0.0,9.729502779947545,145.76559822713506,0.8713440889583215,0.0,143.77175167420543,1.0891801111979018,0.0,140.78098184481095,1.4159341445572724,0.0
2022-10-23,0.0,9.998123849088593,144.88565826396422,0.8799399631708349,0.0,142.67182672024188,1.0999249539635436,0.0,139.35107940465835,1.4299024401526068,0.0
2022-10-24,0.0,10.789552886131958,143.980392571608,0.9052656923562227,0.0,141.5402446047966,1.1315821154452783,0.0,137.88002265457948,1.4710567500788618,0.0
2022-10-25,0.0,6.723616327863358,143.20523684911637,0.7751557224916275,0.0,140.57129995168208,0.9689446531145343,0.0,136.62039460553058,1.2596280490488945,0.0
2022-10-26,1.6998107968193392,12.527176793334478,143.94417798854903,0.9608696573867033,0.0,141.07002367676805,1.201087071733379,0.0,136.75879220909653,1.5614131932533928,0.0
2022-10-27,5.331814027464033,9.388416960596375,148.41556267327397,0.860429342739084,0.0,145.32630102580822,1.075536678423855,0.0,140.69240855460953,1.3981976819510114,0.0
2022-10-28,3.970390860685718,12.11086779854494,150.0,0.947547769553438,1.438405764406241,148.11225717455213,1.1844347119417975,0.0,143.1230342897709,1.5397651255243368,0.0
2022-10-29,0.0,7.246305862993678,149.2081182123842,0.7918817876157977,0.0,147.12240494003237,0.9898522345197471,0.0,141.83622638489524,1.2868079048756713,0.0
2022-10-30,1.4808001327089095,12.215576712750014,149.7380198902851,0.9508984548080005,0.0,147.41458200423128,1.1886230685100005,0.0,141.77181652854114,1.5452099890630007,0.0
2022-10-31,7.554294204264435,9.998747415978716,150.0,0.8799599173113188,6.412354177238228,150.0,1.0999498966391485,3.868926311856569,147.8961758671747,1.4299348656308932,0.0
2022-11-01,0.0,9.425441529569383,149.13838587105377,0.8616141289462202,0.0,148.92298233881723,1.0770176611827753,0.0,146.49605290763708,1.400122959537608,0.0
2022-11-02,8.805974986455277,8.660314813936136,150.0,0.8371300740459564,7.107230783463109,150.0,1.0464125925574455,6.6825447327150584,150.0,1.3603363703246791,3.9416915237676733
2022-11-03,0.0,7.57013049498133,149.1977558241606,0.8022441758394026,0.0,148.99719478020074,1.0028052197992532,0.0,148.69635321426097,1.3036467857390293,0.0
2022-11-04,1.3601366172565548,10.34522721587597,149.66684517050913,0.891047270908031,0.0,149.24352230882226,1.1138090886350387,0.0,148.608538016292,1.4479518152255504,0.0
2022-11-05,0.0,8.103950602936479,148.84751875121518,0.8193264192939673,0.0,148.2193642847048,1.024158024117459,0.0,147.2771325849393,1.3314054313526968,0.0
2022-11-06,0.0,3.77028505196082,148.16686962955242,0.6806491216627463,0.0,147.36855288262637,0.8508114020784328,0.0,146.17107776223733,1.1060548227019626,0.0
2022-11-07,0.0,5.353406968100037,147.43556060657323,0.7313090229792012,0.0,146.45441660390236,0.9141362787240015,0.0,144.98270059989613,1.188377162341202,0.0
2022-11-08,6.044773367833034,7.101640220294422,150.0,0.7872524870494215,2.6930814873568636,150.0,0.9840656088117768,1.5151243629236149,149.74818867627386,1.27928529145531,0.0
2022-11-09,0.0,7.981111838425681,149.18460442117038,0.8153955788296218,0.0,148.98075552646299,1.0192444735370272,0.0,148.42317086067573,1.3250178155981354,0.0
2022-11-10,0.0,7.137982608529803,148.39618897769742,0.7884154434729537,0.0,147.9952362221218,0.9855193043411921,0.0,147.14199576503216,1.2811750956435497,0.0
2022-11-11,0.0,9.581443028800182,147.5295828007758,0.8666061769216058,0.0,146.9119785009698,1.0832577211520071,0.0,145.73376072753456,1.4082350374976094,0.0
2022-11-12,0.0,3.135967634096597,146.86923183648472,0.6603509642910912,0.0,146.08653979560594,0.8254387053638639,0.0,144.66069041056153,1.0730703169730231,0.0
2022-11-13,0.0,7.222376409800874,146.0781157913711,0.791116045113628,0.0,145.0976447392139,0.9888950563920349,0.0,143.37512683725188,1.2855635733096453,0.0
2022-11-14,3.697635004362108,3.1986610347665336,149.11339364262065,0.6623571531125291,0.0,147.96733330218535,0.8279464413906613,0.0,145.99643146780613,1.0763303738078598,0.0
2022-11-15,0.0,8.255882603729242,148.28920539930132,0.8241882433193357,0.0,146.9370979980362,1.0302353041491696,0.0,144.6571255724122,1.3393058953939205,0.0
2022-11-16,0.0,6.45182777692963,147.52274691043957,0.7664584888617482,0.0,145.979024886959,0.9580731110771852,0.0,143.41163052801187,1.2454950444003408,0.0
2022-11-17,0.0,7.386729370517602,146.726371570583,0.7963753398565633,0.0,144.9835557121383,0.9954691748207041,0.0,142.11752060074497,1.2941099272669154,0.0
2022-11-18,0.0,4.7290123813222,146.0150431743807,0.7113283962023105,0.0,144.0943952168854,0.889160495252888,0.0,140.96161195691622,1.1559086438287545,0.0
2022-11-19,0.0,8.927508582816387,145.16936289973057,0.8456802746501243,0.0,143.03729487357273,1.0571003433126553,0.0,139.58738151060976,1.374230446306452,0.0
2022-11-20,0.0,8.366386141024485,144.34163854321778,0.8277243565127835,0.0,142.00263942793174,1.0346554456409793,0.0,138.2423294312765,1.3450520793332732,0.0
2022-11-21,9.067600855456108,7.366966566288418,150.0,0.7957429301212294,2.613496468552654,150.0,0.9946786626515367,0.07556162073632322,146.01684802528558,1.2930822614469977,0.0
2022-11-22,0.0,5.860392279978189,149.2524674470407,0.747532552959302,0.0,149.06558430880088,0.9344156911991275,0.0,144.80210762672672,1.2147403985588658,0.0
2022-11-23,0.0,7.201321663241176,148.46202515381697,0.7904422932237177,0.0,148.07753144227124,0.9880528665296471,0.0,143.51763890023818,1.2844687264885413,0.0
2022-11-24,0.0,4.55265684077846,147.75634013491205,0.7056850189049108,0.0,147.1954251686401,0.8821062736311384,0.0,142.3709007445177,1.1467381557204799,0.0
2022-11-25,0.0,7.605065017099261,146.95297805436488,0.8033620805471764,0.0,146.19122256795612,1.0042026006839704,0.0,141.06543736362855,1.3054633808891616,0.0
2022-11-26,9.886999906340217,9.123125528053908,150.0,0.8519400168977251,5.98803794380737,150.0,1.0649250211221564,5.013297453174175,149.56803474250995,1.3844025274588034,0.0
2022-11-27,0.0,7.898313898027437,149.18725395526312,0.812746044736878,0.0,148.9840674440789,1.0159325559210974,0.0,148.24732241981252,1.3207123226974267,0.0
2022-11-28,0.0,4.233555750005387,148.49178017126295,0.6954737840001723,0.0,148.11472521407867,0.8693422300002154,0.0,147.11717752081225,1.13014489900028,0.0
2022-11-29,0.0,6.354021171591891,147.728451493772,0.7633286774909406,0.0,147.160564367215,0.9541608468636756,0.0,145.87676841988946,1.2404091009227785,0.0
2022-11-30,3.69846907592518,2.986105478578499,150.0,0.655555375314512,0.7713651943826676,150.0,0.8194442191431399,0.03958922399701237,148.50996001092855,1.065277484886082,0.0
2022-12-01,0.0,6.661164822229635,149.22684272568864,0.7731572743113483,0.0,149.03355340711082,0.9664465928891853,0.0,147.25357944017262,1.256380570755941,0.0
2022-12-02,0.0,6.364396859420623,148.46318202618718,0.76366069950146,0.0,148.078977532734,0.9545758743768249,0.0,146.01263080348275,1.2409486366898723,0.0
2022-12-03,19.30274784393113,1.6731891510627084,150.0,0.6135420528340068,17.152387817284307,150.0,0.7669275660425083,16.614797810622633,150.0,0.9970058358552609,14.318372811558618
2022-12-04,0.0,3.041726826533786,149.34266474155092,0.6573352584490811,0.0,149.17833092693866,0.8216690730613514,0.0,148.93183020502025,1.0681697949797568,0.0
2022-12-05,8.328863238578787,4.754344376271824,150.0,0.7121390200406984,6.959388960089001,150.0,0.8901737750508729,6.617020390466564,150.0,1.1572259075661349,6.103467536032895
2022-12-06,3.8961282621369575,4.677098539427736,150.0,0.7096671532616876,3.186461108875278,150.0,0.8870839415771095,3.0090443205598376,150.0,1.1532091240502422,2.7429191380867053
2022-12-07,0.0,2.8209406228387066,149.34972990006915,0.6502700999308386,0.0,149.18716237508644,0.8128376249135483,0.0,148.9433110876124,1.0566889123876129,0.0
2022-12-08,0.0,5.981820542249468,148.59831164271716,0.751418257351983,0.0,148.24788955339648,0.9392728216899787,0.0,147.7222564194154,1.2210546681969723,0.0
2022-12-09,0.0,5.673681698081202,147.85675382837857,0.7415578143385985,0.0,147.32094228547322,0.926947267923248,0.0,146.51722497111518,1.2050314483002225,0.0
2022-12-10,0.0,4.751980236404658,147.14469046081362,0.712063367564949,0.0,146.43086307601703,0.8900792094561862,0.0,145.36012199882214,1.1571029722930422,0.0
2022-12-11,0.0,3.6016410973598703,146.4694379456981,0.6752525151155159,0.0,145.58679743212264,0.8440656438943948,0.0,144.26283666175942,1.0972853370627131,0.0
2022-12-12,0.0,7.186273612898582,145.67947719008535,0.7899607556127546,0.0,144.59934648760668,0.9874509445159432,0.0,142.9791504338887,1.2836862278707262,0.0
2022-12-13,0.0,8.378245733502448,144.85137332661327,0.8281038634720783,0.0,143.5642166582666,1.035129829340098,0.0,141.63348165574655,1.3456687781421273,0.0
2022-12-14,0.0,4.081823921299952,144.16075496113166,0.6906183654815985,0.0,142.7009437014146,0.863272956851998,0.0,140.51122681183895,1.1222548439075974,0.0
2022-12-15,0.0,3.809077148148658,143.4788644923909,0.6818904687407571,0.0,141.84858061548863,0.8523630859259463,0.0,139.4031548001352,1.1080720117037304,0.0
2022-12-16,0.0,6.003243722170072,142.72676069328145,0.7521037991094423,0.0,140.90845086660184,0.9401297488868028,0.0,138.18098612658235,1.2221686735528436,0.0
2022-12-17,0.0,4.295144084655693,142.02931608257248,0.6974446107089822,0.0,140.03664510321562,0.8718057633862277,0.0,137.04763863418026,1.133347492402096,0.0
2022-12-18,0.0,4.725742791799959,141.31809231323487,0.7112237693375987,0.0,139.1476153915436,0.8890297116719983,0.0,135.89190000900666,1.1557386251735977,0.0
2022-12-19,0.0,6.480139716901965,140.550727842294,0.7673644709408629,0.0,138.18840980286754,0.9592055886760785,0.0,134.64493274372776,1.2469672652789021,0.0
2022-12-20,1.2356011807248548,1.1813804276235125,141.1885248493349,0.5978041736839524,0.0,138.67675576648745,0.7472552171049405,0.0,134.90910214221617,0.9714317822364227,0.0
2022-12-21,0.0,7.638919629906431,140.3840794211779,0.8044454281570058,0.0,137.67119898129118,1.0055567851962572,0.0,133.60187832146104,1.3072238207551345,0.0
2022-12-22,0.0,5.152860936261848,139.6591878712175,0.7248915499603792,0.0,136.76508454384071,0.9061144374504739,0.0,132.42392955277543,1.177948768685616,0.0
2022-12-23,10.357449055771056,4.192659499319998,149.32247182301032,0.6941651039782399,0.0,146.25482721963897,0.8677063799727999,0.0,141.65336031458187,1.12801829396464,0.0
2022-12-24,12.648538485130572,4.848281960475547,150.0,0.7151450227352175,11.255865285405662,150.0,0.8939312784190219,8.009434426350538,150.0,1.1621106619447286,3.1397881377677095
2022-12-25,0.0,4.965668748569246,149.2810986000458,0.7189013999542159,0.0,149.10137325005724,0.8986267499427698,0.0,148.8317852250744,1.1682147749256009,0.0
2022-12-26,0.0,1.595418324170629,148.67004521367232,0.6110533863734601,0.0,148.3375565170904,0.7638167329668251,0.0,147.83882347221754,0.9929617528568726,0.0
2022-12-27,0.0,8.067654360727149,147.85188027412906,0.8181649395432689,0.0,147.31485034266132,1.022706174429086,0.0,146.50930544545972,1.3295180267578117,0.0
2022-12-28,5.031730089595639,5.183326313667706,150.0,0.7258664420373666,2.1577439216873415,150.0,0.9073330525467083,1.4392473797102525,150.0,1.1795329683107207,0.3615025667446332
2022-12-29,0.0,6.012509836954886,149.24759968521744,0.7524003147825564,0.0,149.0594996065218,0.9405003934781955,0.0,148.77734948847834,1.2226505115216542,0.0
2022-12-30,0.0,7.058361373627163,148.46173212126138,0.7858675639560693,0.0,148.0771651515767,0.9823344549450865,0.0,147.50031469704973,1.2770347914286124,0.0
2022-12-31,9.327587030786004,3.1446103821633056,150.0,0.6606275322292258,7.128691619818142,150.0,0.8257844152865321,6.578967767076165,150.0,1.0735197398724918,5.754381987963228
2023-01-01,27.42722947863989,6.168460383013889,150.0,0.7573907322564444,26.669838746383448,150.0,0.9467384153205555,26.480491063319334,150.0,1.2307599399167222,26.196469538723193
2023-01-02,0.0,4.723713266478208,149.2888411754727,0.7111588245273026,0.0,149.11105146934088,0.8889485306591283,0.0,148.84436691014312,1.1556330898568667,0.0
2023-01-03,0.0,6.992902331917916,148.50506830085132,0.7837728746213733,0.0,148.13133537606416,0.9797160932767166,0.0,147.5707359888834,1.2736309212597317,0.0
2023-01-04,0.0,1.0881457827484606,147.91024763580336,0.5948206650479507,0.0,147.38780954475422,0.7435258313099384,0.0,146.60415240818048,0.9665835807029199,0.0
2023-01-05,0.0,5.190513560794454,147.18415120185793,0.7260964339454226,0.0,146.48018900232245,0.9076205424317781,0.0,145.42424570301918,1.1799067051613117,0.0
2023-01-06,0.0,4.232010422513021,146.48872686833752,0.6954243335204167,0.0,145.61090858542192,0.8692804169005208,0.0,144.2941811610485,1.1300645419706772,0.0
2023-01-07,0.0,6.353960738316776,145.7254001247114,0.7633267436261368,0.0,144.65675015588926,0.954158429532671,0.0,143.05377520265603,1.2404059583924725,0.0
2023-01-08,0.0,6.484124500464978,144.95790814069653,0.7674919840148793,0.0,143.69738517587066,0.959364980018599,0.0,141.80660072863185,1.2471744740241788,0.0
2023-01-09,0.0,4.1861876309369945,144.26395013650654,0.6939580041899838,0.0,142.82993767063317,0.8674475052374797,0.0,140.67891897182312,1.1276817568087236,0.0
2023-01-10,0.0,4.237279983418661,143.56835717703714,0.6955929594693973,0.0,141.96044647129642,0.8694911993367465,0.0,139.54858041268534,1.1303385591377704,0.0
2023-01-11,0.0,5.503252427093374,142.83225309937015,0.736104077666988,0.0,141.0403163742127,0.9201300970837349,0.0,138.3524112864765,1.1961691262088554,0.0
2023-01-12,0.0,3.997002668203237,142.14434901398764,0.6879040853825036,0.0,140.18043626748457,0.8598801067281294,0.0,137.23456714772993,1.1178441387465683,0.0
2023-01-13,0.0,7.542687509050918,141.34298301369802,0.8013660002896293,0.0,139.17872876712252,1.0017075003620366,0.0,135.9323473972593,1.3022197504706476,0.0
2023-01-14,0.0,5.191447471078749,140.6168566946235,0.72612631907452,0.0,138.27107086827937,0.9076578988431498,0.0,134.7523921287632,1.1799552684960948,0.0
2023-01-15,0.0,0.1897148648342836,140.05078581894878,0.566070875674697,0.0,137.563482273686,0.7075885945933713,0.0,133.83252695579182,0.9198651729713827,0.0
2023-01-16,0.0,5.330542422160903,139.32020846143962,0.7305773575091489,0.0,136.65026057679955,0.9132216968864361,0.0,132.64533874983945,1.1871882059523668,0.0
2023-01-17,0.0,4.08223725887842,138.6295768691555,0.6906315922841095,0.0,135.78697108644442,0.8632894903551368,0.0,131.52306241237778,1.122276337461678,0.0
2023-01-18,0.0,2.97853131763568,137.97426386699115,0.6553130021643417,0.0,134.967829833739,0.8191412527054271,0.0,130.45817878386072,1.0648836285170553,0.0
2023-01-19,0.0,3.8505831762588856,137.29104520535085,0.6832186616402844,0.0,134.11380650668863,0.8540233270503554,0.0,129.34794845869524,1.1102303251654622,0.0
2023-01-20,0.0,6.631177360907911,136.5188475298018,0.7721976755490532,0.0,133.14855941225233,0.9652470944363164,0.0,128.09312723592802,1.2548212227672113,0.0
2023-01-21,16.9974382768989,9.159110741221184,150.0,0.8530915437190778,2.6631942629816194,149.07963325950237,1.0663644296488473,0.0,143.70429175428342,1.3862737585435014,0.0
2023-01-22,0.0,7.220184891385177,149.20895408347567,0.7910459165243258,0.0,148.09082586384696,0.9888073956554071,0.0,142.4188421399314,1.2854496143520293,0.0
2023-01-23,0.0,5.475286959910443,148.47374490075853,0.7352091827171342,0.0,147.17181438545055,0.9190114783964177,0.0,141.22412721801606,1.194714921915343,0.0
2023-01-24,0.0,7.697042857317263,147.66743952932438,0.8063053714341525,0.0,146.16393267115785,1.0078817142926906,0.0,139.91388098943557,1.3102462285804979,0.0
2023-01-25,0.3096078400216323,5.966428789488406,147.2261216480824,0.750925721263629,0.0,145.53488335959995,0.9386571515795362,0.0,139.0032345324038,1.2202542970533972,0.0
2023-01-26,0.0,5.597188379926944,146.48701161992474,0.7391100281576621,0.0,144.61099582440286,0.9238875351970777,0.0,137.8021807366476,1.201053795756201,0.0
2023-01-27,0.0,4.781818095966259,145.77399344085381,0.7130181790709202,0.0,143.7197231005642,0.8912727238386503,0.0,136.64352619565736,1.1586545409902453,0.0
2023-01-28,0.0,3.693383875788807,145.09580515682856,0.6781882840252419,0.0,142.87198774553266,0.8477353550315523,0.0,135.54147023411633,1.102055961541018,0.0
2023-01-29,0.0,6.526004318041732,144.32697301865122,0.7688321381773355,0.0,141.91094757281098,0.9610401727216693,0.0,134.29211800957816,1.24935222453817,0.0
2023-01-30,0.0,7.733048895054639,143.51951545400948,0.8074575646417484,0.0,140.9016256170088,1.0093219558021855,0.0,132.97999946703533,1.3121185425428412,0.0
2023-01-31,3.846728870622492,7.337031783004668,146.57145930757582,0.7947850170561493,0.0,143.7548732163111,0.9934812713201866,0.0,135.53520268494157,1.2915256527162426,0.0
2023-02-01,0.0,6.813895914465428,145.79341463831292,0.7780446692628937,0.0,142.7823173797325,0.9725558365786171,0.0,134.27088009738935,1.2643225875522022,0.0
2023-02-02,0.0,5.872067495647314,145.0455084784522,0.7479061598607141,0.0,141.8474346799066,0.9348826998258926,0.0,133.0555325876157,1.2153475097736604,0.0
2023-02-03,0.0,9.09992616055219,144.19431084131455,0.8511976371376702,0.0,140.7834376334845,1.0639970464220876,0.0,131.67233642726697,1.383196160348714,0.0
2023-02-04,7.213907364768647,5.37115288959036,150.0,0.7318768924668916,0.6763413136163194,147.08249888266957,0.9148461155836144,0.0,137.69694384177694,1.1892999502586987,0.0
2023-02-05,0.0,9.681528155450282,149.13019109902558,0.869808900974409,0.0,145.99523775645156,1.0872611262180112,0.0,136.28350437769353,1.4134394640834147,0.0
2023-02-06,0.0,6.251129773817095,148.37015494626343,0.760036152762147,0.0,145.04519256549887,0.9500451909526837,0.0,135.04844562945505,1.235058748238489,0.0
2023-02-07,0.0,6.878783342871147,147.59003387929155,0.7801210669718768,0.0,144.07004123178402,0.9751513337148459,0.0,133.78074889562575,1.2676967338292997,0.0
2023-02-08,0.0,5.580134008418833,146.85146959102215,0.7385642882694027,0.0,143.14683587144725,0.9232053603367533,0.0,132.58058192718798,1.2001669684377794,0.0
2023-02-09,0.0,7.642872697326952,146.0468976647077,0.8045719263144625,0.0,142.1411209635542,1.005714907893078,0.0,131.27315254692698,1.3074293802610015,0.0
2023-02-10,8.761623423673932,10.730157432547282,150.0,0.903365037841513,3.905156050540114,149.77353808992623,1.1292062973018913,0.0,138.56680778410845,1.4679681864924587,0.0
2023-02-11,0.0,9.946487475736651,149.12171240077643,0.8782875992235728,0.0,148.67567859089678,1.097859499029466,0.0,137.13959043537014,1.4272173487383057,0.0
2023-02-12,9.509363471202146,11.009577354448435,150.0,0.91230647534235,7.718769396636219,150.0,1.1403830941779374,7.044658967920981,145.16645588414096,1.4824980224313187,0.0
2023-02-13,0.0,10.236282357329864,149.11243896456546,0.8875610354345558,0.0,148.8905487057068,1.1094512942931947,0.0,143.72416920155982,1.4422866825811531,0.0
2023-02-14,0.0,7.125642780028085,148.32441839560457,0.7880205689608988,0.0,147.90552299450567,0.9850257112011234,0.0,142.44363577699835,1.2805334245614604,0.0
2023-02-15,11.984565034819822,8.814068419668688,150.0,0.8420501894293981,9.46693324099499,150.0,1.0525627367867476,8.837525292538743,150.0,1.368331557822772,3.059869253995373
2023-02-16,0.0,8.059550026382077,149.18209439915577,0.8179056008442265,0.0,148.9776179989447,1.022382001055283,0.0,148.67090339862813,1.3290966013718681,0.0
2023-02-17,0.0,12.42699373442258,148.22443059965426,0.9576637995015226,0.0,147.7805382495678,1.1970797493769032,0.0,147.11469972443814,1.5562036741899743,0.0
2023-02-18,0.0,7.519713268626333,147.4237997750582,0.8006308245960426,0.0,146.77974971882276,1.0007885307450533,0.0,145.81367463446958,1.3010250899685694,0.0
2023-02-19,0.0,11.84963987717845,146.48461129898848,0.9391884760697105,0.0,145.6057641237356,1.173985595087138,0.0,144.2874933608563,1.5261812736132796,0.0
2023-02-20,0.0,11.998569339059651,145.54065708013857,0.9439542188499088,0.0,144.42582135017324,1.179942773562386,0.0,142.7535677552252,1.533925605631102,0.0
2023-02-21,0.0,14.023737694403668,144.53189747391767,1.0087596062209172,0.0,143.16487184239708,1.2609495077761466,0.0,141.1143333951162,1.6392343601089905,0.0
2023-02-22,0.0,9.6983333973369,143.6615508052029,0.8703466687147808,0.0,142.0769385065036,1.087933335893476,0.0,139.7000200584547,1.4143133366615188,0.0
2023-02-23,0.0,12.09688839365601,142.7144503766059,0.9471004285969923,0.0,140.89306297075737,1.1838755357462403,0.0,138.1609818619846,1.5390381964701123,0.0
2023-02-24,7.443704301089319,15.391367646954516,149.10563091299267,1.0525237647025445,0.0,147.0211125659685,1.3156547058781807,0.0,143.89433504543229,1.7103511176416348,0.0
2023-02-25,0.0,9.749836754072875,148.23363613686234,0.871994776130332,0.0,145.9311190958056,1.089993470162915,0.0,142.4773435342205,1.4169915112117897,0.0
2023-02-26,0.0,8.07328544249921,147.41529100270236,0.8183451341599748,0.0,144.90818767810563,1.0229314176999684,0.0,141.14753269121053,1.329810843009959,0.0
2023-02-27,0.0,7.542734503277741,146.61392349859747,0.8013675041048878,0.0,143.90647829797453,1.0017093801311097,0.0,139.8453104970401,1.3022221941704426,0.0
2023-02-28,0.0,12.888662835958948,145.6414862878468,0.9724372107506863,0.0,142.69093178453616,1.2155465134383578,0.0,138.26510002957022,1.5802104674698652,0.0
2023-03-01,0.0,7.8584705879417,144.83001522903265,0.8114710588141345,0.0,141.67659296101849,1.014338823517668,0.0,136.94645955899725,1.3186404705729684,0.0
2023-03-02,8.310016765228013,11.042665277200513,150.0,0.9133652888704165,2.226666705390244,148.8449031151585,1.1417066110880205,0.0,143.77225772981086,1.4842185944144268,0.0
2023-03-03,0.0,12.82541412751503,149.02958674791952,0.9704132520804809,0.0,147.6318865500579,1.213016565100601,0.0,142.1953361951801,1.5769215346307814,0.0
2023-03-04,0.0,12.485526744853738,148.0700498920842,0.9595368558353196,0.0,146.43246548026377,1.1994210697941494,0.0,140.6360888044477,1.5592473907323943,0.0
2023-03-05,0.0,13.13130815302729,147.08984803118733,0.9802018608968734,0.0,145.2072131541427,1.2252523261210917,0.0,139.04326078049027,1.5928280239574193,0.0
2023-03-06,17.700803979740538,12.891046760439838,150.0,0.9725134963340749,13.818138514593784,150.0,1.2156418704175935,11.692375263465635,150.0,1.5803344315428716,5.163730328687933
2023-03-07,0.0,15.171003966567286,148.95452787306985,1.0454721269301532,0.0,148.69315984133732,1.3068401586626914,0.0,148.3011077937385,1.6988922062614988,0.0
2023-03-08,0.0,10.876152108480753,148.04649100559845,0.9080368674713841,0.0,147.5581137569981,1.13504608433923,0.0,146.82554788409752,1.475559909640999,0.0
2023-03-09,0.0,11.594964724396744,147.11545213441775,0.9310388711806958,0.0,146.39431516802222,1.1637985889758697,0.0,145.3126097184289,1.5129381656686307,0.0
2023-03-10,0.0,11.572414011025913,146.18513488606493,0.9303172483528291,0.0,145.2314186075812,1.1628965604410364,0.0,143.80084418985555,1.5117655285733473,0.0
2023-03-11,0.0,14.947452181910444,145.1468164162438,1.038318469821134,0.0,143.93352052030477,1.2978980872764176,0.0,142.1135766763962,1.687267513459343,0.0
2023-03-12,0.0,15.257708970147316,144.09856972919908,1.048246687044714,0.0,142.62321216149888,1.3103083588058926,0.0,140.41017580994856,1.7034008664476603,0.0
2023-03-13,10.535615734276432,14.52966291750437,150.0,1.0249492133601397,3.609236250115373,150.0,1.2811865167001746,1.8776413790751292,149.28024907251475,1.665542471710227,0.0
2023-03-14,0.0,16.16490688478633,148.92272297968682,1.0772770203131625,0.0,148.65340372460855,1.346596275391453,0.0,147.52967391450585,1.750575158008889,0.0
2023-03-15,0.0,11.612901290772893,147.99111013838208,0.9316128413047325,0.0,147.48888767297763,1.1645160516309156,0.0,146.01580304738565,1.5138708671201904,0.0
2023-03-16,0.0,17.47480023572781,146.8719165308388,1.11919360754329,0.0,146.0898956635485,1.3989920094291124,0.0,144.1971134351278,1.8186896122578462,0.0
2023-03-17,0.0,17.358452975401317,145.75644603562597,1.1154704952128423,0.0,144.69555754453245,1.3943381190160526,0.0,142.38447388040692,1.8126395547208685,0.0
2023-03-18,0.0,15.955047322258956,144.68588452131368,1.0705615143122866,0.0,143.35735565164208,1.3382018928903583,0.0,140.64481141964944,1.7396624607574658,0.0
2023-03-19,0.0,18.219381701314664,143.54286430687162,1.1430202144420691,0.0,141.9285803835895,1.4287752680525865,0.0,138.78740357118107,1.8574078484683625,0.0
2023-03-20,0.0,11.514620023086106,142.61439646613286,0.9284678407387554,0.0,140.76799558266606,1.1605848009234443,0.0,137.27864332998058,1.5087602412004777,0.0
2023-03-21,2.2122543415710343,13.951103727474695,143.8202154884247,1.0064353192791902,0.0,141.7222057751381,1.2580441490989878,0.0,137.85544027772292,1.635457393828684,0.0
2023-03-22,0.0,13.701526640194444,142.82176663593847,0.9984488524862223,0.0,140.47414470953032,1.2480610656077777,0.0,136.2329608924328,1.6224793852901112,0.0
2023-03-23,0.0,16.787174763742144,141.72457704349873,1.0971895924397488,0.0,139.10265771898062,1.3714869905496858,0.0,134.45002780471822,1.7829330877145917,0.0
2023-03-24,9.015277767515265,13.415915193028246,149.7505455248371,0.9893092861769038,0.0,146.88129887877477,1.2366366077211297,0.0,141.857677982196,1.6076275900374686,0.0
2023-03-25,0.0,17.20301456669817,148.64004905870274,1.1104964661343413,0.0,145.49317829610683,1.3881205826679266,0.0,140.0531212247277,1.8045567574683046,0.0
2023-03-26,0.0,18.60072027536789,147.48482600989098,1.1552230488117725,0.0,144.04914948509213,1.4440288110147157,0.0,138.17588377040857,1.8772374543191304,0.0
2023-03-27,0.0,17.421422774642345,146.36734048110242,1.117485528788555,0.0,142.65229257410644,1.3968569109856936,0.0,136.35996978612718,1.8159139842814018,0.0
2023-03-28,0.0,16.76958249631653,145.2707138412203,1.096626639882129,0.0,141.28150927425378,1.3707832998526612,0.0,134.57795149631872,1.7820182898084596,0.0
2023-03-29,0.0,14.397041039331151,144.2500085279617,1.020705313258597,0.0,140.00562763268053,1.2758816415732461,0.0,132.9193053622735,1.65864613404522,0.0
2023-03-30,7.232853343566213,14.84938627439208,150.0,1.0351803607805465,0.4476815107473726,145.94450552527104,1.2939754509756831,0.0,138.46999061957132,1.682168086268388,0.0
2023-03-31,0.0,19.212169252408103,148.82521058392294,1.1747894160770593,0.0,144.47601875517472,1.468486770096324,0.0,136.5609578184461,1.9090328011252213,0.0
2023-04-01,0.0,18.44096510624311,147.67509970052316,1.1501108833997795,0.0,143.038380150925,1.4376386042497242,0.0,134.69202763292145,1.8689301855246416,0.0
2023-04-02,0.6018111650374826,16.973005959931104,147.17377467484283,1.1031361907177952,0.0,142.26127107756523,1.378920238397244,0.0,133.50124248804252,1.7925963099164173,0.0
2023-04-03,0.0,16.383396038509872,146.08950600161052,1.084268673232316,0.0,140.90593523602485,1.3553358415403949,0.0,131.73930589404,1.7619365940025133,0.0
2023-04-04,0.0,13.335111913836744,145.10278242036773,0.9867235812427758,0.0,139.67253075947139,1.2334044765534697,0.0,130.1358800745205,1.6034258195195108,0.0
2023-04-05,0.0,15.411828113792993,144.04960392072635,1.053178499641376,0.0,138.35605763491967,1.3164731245517198,0.0,128.42446501260326,1.711415061917236,0.0
2023-04-06,0.0,21.542419749620503,142.8002464887385,1.2493574319878562,0.0,136.79436084493486,1.5616967899848202,0.0,126.394259185623,2.0302058269802665,0.0
2023-04-07,0.0,15.323913186801157,141.74988126676087,1.0503652219776372,0.0,135.48140431746282,1.3129565274720463,0.0,124.68741569990934,1.7068434857136603,0.0
2023-04-08,0.0,18.428171889005053,140.6001797663127,1.1497015004481619,0.0,134.0442774419026,1.4371268755602022,0.0,122.81915076168107,1.868264938228263,0.0
2023-04-09,0.0,20.22758456331404,139.39289706028666,1.2072827060260494,0.0,132.53517405937004,1.5091033825325615,0.0,120.85731636438874,1.96183439729233,0.0
2023-04-10,0.0,15.865383659936548,138.3252047831687,1.0676922771179693,0.0,131.20055871297257,1.3346153463974617,0.0,119.12231641407203,1.7349999503167002,0.0
2023-04-11,0.0,18.90618217132588,137.16020695368627,1.1649978294824281,0.0,129.74431142611954,1.4562472868530352,0.0,117.22919494116309,1.8931214729089458,0.0
2023-04-12,0.0,20.57307650392804,135.94186850556056,1.2183384481256974,0.0,128.2213883659624,1.5229230601571215,0.0,115.24939496295883,1.9797999782042581,0.0
2023-04-13,9.43592579137367,18.88163270625057,144.21358205033422,1.1642122466000182,0.0,136.20204884908605,1.4552653082500226,0.0,122.79347585360748,1.8918449007250295,0.0
2023-04-14,2.600313239110369,24.751686003393267,145.461841337336,1.3520539521085846,0.0,137.1122946480607,1.6900674401357305,0.0,123.19670142054139,2.19708767217645,0.0
2023-04-15,0.0,15.83473750836678,144.3951297370683,1.066711600267737,0.0,135.77890514772602,1.3333895003346712,0.0,121.46329507010631,1.7334063504350725,0.0
2023-04-16,0.0,21.44521298527207,143.14888292153958,1.2462468155287063,0.0,134.22109662831514,1.5578085194108828,0.0,119.43814399487216,2.025151075234148,0.0
2023-04-17,0.0,19.13668994261118,141.97650884337602,1.1723740781635577,0.0,132.7556290306107,1.4654675977044471,0.0,117.53303611785638,1.9051078770157812,0.0
2023-04-18,0.0,21.179343018701857,140.73876986677757,1.2377389765984594,0.0,131.20845530986261,1.5471737207480742,0.0,115.52171028088388,2.0113258369724965,0.0
2023-04-19,0.0,20.669952704556376,139.51733138023178,1.2214384865458041,0.0,129.68165720168037,1.526798108182255,0.0,113.53687274024695,1.9848375406369316,0.0
2023-04-20,0.0,18.471443107379777,138.36624520079562,1.1510861794361529,0.0,128.24279947738518,1.438857724295191,0.0,111.6663576986632,1.8705150415837484,0.0
2023-04-21,17.90827680872655,20.544702223439725,150.0,1.2174304711500712,5.057091538372106,144.62928819717413,1.521788088937589,0.0,127.5963099917709,1.9783245156188658,0.0
2023-04-22,0.0,16.518353170858926,148.9114126985325,1.0885873014674858,0.0,143.26855407033977,1.3607341268343571,0.0,125.82735562688623,1.7689543648846644,0.0
2023-04-23,11.8411596630096,21.586546716525785,150.0,1.250769494928825,9.501802866613275,150.0,1.5634618686610313,3.546251864688344,135.6360148606365,2.0325004292593407,0.0
2023-04-24,0.0,21.120670063657247,148.76413855796298,1.235861442037032,0.0,148.45517319745372,1.54482680254629,0.0,133.62774001732632,2.008274843310177,0.0
2023-04-25,2.057997230637378,21.944337900197382,149.55991697579404,1.2622188128063163,0.0,148.93539691208318,1.5777735160078952,0.0,133.63463167715344,2.0511055708102637,0.0
2023-04-26,0.0,22.92423938471231,148.26634131548323,1.293575660310794,0.0,147.3184273366947,1.6169695753884923,0.0,131.5325712291484,2.10206044800504,0.0
2023-04-27,17.273961536026142,21.682506550027057,150.0,1.2538402096008658,14.286462641908514,150.0,1.5673002620010823,13.025088610719763,146.76904242457314,2.037490340601407,0.0
2023-04-28,0.0,21.380947540747812,148.75580967869607,1.24419032130393,0.0,148.4447620983701,1.5552379016299125,0.0,144.74723315245427,2.0218092721188863,0.0
2023-04-29,0.0,19.458330811086093,147.5731430927413,1.182666585954755,0.0,146.96642886592664,1.4783332324434437,0.0,142.82539995027778,1.9218332021764768,0.0
2023-04-30,0.0,19.929881481603672,146.37538688533,1.1977562074113175,0.0,145.4692336066625,1.4971952592641469,0.0,140.87904611323438,1.946353837043391,0.0
2023-05-01,23.86720494854503,23.85976485070448,150.0,1.3235124752225433,18.919079358652482,150.0,1.6543905940281791,17.682047961179364,150.0,2.150707772236633,12.595543289542775
2023-05-02,0.0,24.48901699383474,148.65635145619729,1.3436485438027117,0.0,148.3204393202466,1.6795606797533895,0.0,147.8165711163206,2.1834288836794062,0.0
2023-05-03,6.418234022050676,21.268215315705348,150.0,1.240582890102571,3.8340025881454096,150.0,1.5507286126282138,3.187944729669084,150.0,2.015947196416678,2.21885794195461
2023-05-04,0.0,21.962533166743217,148.73719893866422,1.2628010613357832,0.0,148.42149867333026,1.5785013266697288,0.0,147.94794827532934,2.0520517246706476,0.0
2023-05-05,7.1926856084456645,20.18535452052894,150.0,1.205931344656926,4.723953202452947,150.0,1.5074141808211574,4.106770100954776,150.0,1.9596384350675047,3.1809954487074776
2023-05-06,15.958977332904851,24.462079913352635,150.0,1.3427865572272843,14.61619077567758,150.0,1.6784831965341054,14.280494136370748,150.0,2.1820281554943373,13.7769491774105
2023-05-07,22.53095387664663,23.56727403034268,150.0,1.314152768970966,21.21680110767568,150.0,1.6426909612137073,20.888262915432932,150.0,2.1354982495778194,20.395455627068827
2023-05-08,0.0,26.236605102567356,148.60042863671785,1.3995713632821554,0.0,148.2505357958973,1.7494642041026942,0.0,147.7256965346665,2.2743034653335026,0.0
2023-05-09,0.0,20.71307472260608,147.37761024559447,1.2228183911233945,0.0,146.72201280699304,1.528522988904243,0.0,145.73861664909097,1.987079885575516,0.0
2023-05-10,0.94293431791662,21.82704228674919,147.0620792103351,1.2584653531759742,0.0,146.09186543343966,1.5730816914699677,0.0,144.63654476809663,2.0450061989109583,0.0
2023-05-11,0.0,23.157040113890524,145.7610539266906,1.3010252836444969,0.0,144.46558382888404,1.626281604555621,0.0,142.52237868217432,2.1141660859223075,0.0
2023-05-12,0.0,24.09593758615929,144.42998392393352,1.3310700027570974,0.0,142.80174632543768,1.6638375034463717,0.0,140.35938992769402,2.1629887544802835,0.0
2023-05-13,0.0,22.47812129247251,143.1506840425744,1.2792998813591203,0.0,141.2026214737388,1.5991248516989003,0.0,138.28052762048546,2.0788623072085706,0.0
2023-05-14,0.0,21.267688700839365,141.91011800414753,1.2405660384268598,0.0,139.6519139257052,1.5507075480335746,0.0,136.2646078080418,2.015919812443647,0.0
2023-05-15,0.0,24.87820564792075,140.55401542341406,1.3561025807334641,0.0,137.95678569978838,1.69512822591683,0.0,134.06094111434993,2.203666693691879,0.0
2023-05-16,0.0,24.657036258115305,139.20499026315437,1.3490251602596899,0.0,136.27050424946378,1.6862814503246122,0.0,131.86877522892794,2.192165885421996,0.0
2023-05-17,2.383499088614658,21.47915806253063,140.34115629376805,1.2473330580009803,0.0,137.0948370155772,1.559166322501225,0.0,132.225358098291,2.026916219251593,0.0
2023-05-18,5.437706837314807,26.117069658555774,144.38311690200908,1.3957462290737848,0.0,140.7878610665498,1.744682786342231,0.0,135.3949773133609,2.2680876222449005,0.0
2023-05-19,0.0,25.838568333668483,142.9962827153317,1.3868341866773914,0.0,139.05431833320304,1.7335427333467393,0.0,133.14137176001014,2.253605553350761,0.0
2023-05-20,0.0,23.85623257725361,141.67288327285956,1.3233994424721156,0.0,137.4000690301129,1.6542493030901444,0.0,130.99084766599296,2.1505240940171877,0.0
2023-05-21,0.0,23.83375927204804,140.35020297615404,1.3226802967055376,0.0,135.74671865923096,1.6533503708819217,0.0,128.84149218384647,2.149355482146498,0.0
2023-05-22,6.052044414208829,24.86703259367425,145.0465023473653,1.355745042997576,0.0,140.10408176969284,1.69468130374697,0.0,132.69045090318426,2.203085694871061,0.0
2023-05-23,0.0,22.11726895892112,143.77874974067984,1.2677526066854758,0.0,138.51939101133598,1.5846907583568448,0.0,130.63035291732035,2.0600979858638984,0.0
2023-05-24,0.0,23.97987642292365,142.4513936951463,1.3273560455335567,0.0,136.86019595441903,1.6591950569169458,0.0,128.4733993433283,2.1569535739920296,0.0
2023-05-25,15.593695482246511,19.691541607304075,150.0,1.1901293314337305,6.854959845959087,150.0,1.487661664292163,0.9662297723733673,142.13313466199503,1.9339601635798118,0.0
2023-05-26,22.61983924216629,25.82304941903223,150.0,1.3863375814090313,21.23350166075724,150.0,1.7329219767612891,20.886917265405003,150.0,2.2527985697896757,12.500175334371619
2023-05-27,0.0,21.018293436969618,148.76741461001697,1.232585389983028,0.0,148.45926826252122,1.5407317374787848,0.0,147.99704874127758,2.0029512587224203,0.0
2023-05-28,0.0,27.216552534024345,147.3364849289282,1.430929681088779,0.0,146.67060616116024,1.7886621013609738,0.0,145.6717880095083,2.325260731769266,0.0
2023-05-29,23.916982388942856,23.615176647859062,150.0,1.3156856527314902,19.937781665139568,150.0,1.6446070659143626,18.94298148418872,150.0,2.1379891856886712,17.450781212762507
2023-05-30,0.9058784891428722,23.915038324366897,149.58059726276315,1.3252812263797407,0.0,149.24927695616822,1.6566015329746757,0.0,148.7522964962758,2.1535819928670783,0.0
2023-05-31,3.4633020422335203,23.143092767249943,150.0,1.3005789685519984,1.7433203364446683,150.0,1.6257237106899978,1.0868552877117281,150.0,2.113440823896997,0.10215771461230361
2023-06-01,0.0,23.879886126427277,148.67584364395432,1.324156356045673,0.0,148.3448045549429,1.6551954450570912,0.0,147.8482459214258,2.1517540785742186,0.0
2023-06-02,0.0891248089917667,27.34762785324761,147.32984436164216,1.4351240913039236,0.0,146.64002424980475,1.7939051141299043,0.0,145.60529408204866,2.3320766483688757,0.0
2023-06-03,0.0689478583072656,19.586730952848896,146.21201682945826,1.1867753904911647,0.0,145.22550286999805,1.4834692381139558,0.0,143.74573193080778,1.9285100095481427,0.0
2023-06-04,0.0,27.165228610899383,144.7827295139095,1.4292873155487804,0.0,143.43889372556208,1.7866091444359753,0.0,141.423140043041,2.322591887766768,0.0
2023-06-05,0.2362167348694789,25.33344633875196,143.64827596593892,1.3706702828400628,0.0,141.96177260688148,1.7133378535500783,0.0,139.43201756829538,2.227339209615102,0.0
2023-06-06,0.0,22.28659592280064,142.3751048964093,1.2731710695296206,0.0,140.37030876996945,1.5914638369120255,0.0,137.36311458030974,2.0689029879856333,0.0
2023-06-07,0.2606501348252246,22.590379765625727,141.35286287873453,1.2828921525000234,0.0,139.02734371416966,1.603615190625029,0.0,135.53906496732242,2.0846997478125378,0.0
2023-06-08,0.1643064175885264,28.131269469472976,140.05696867329993,1.4602006230231352,0.0,137.36639935297927,1.825250778778919,0.0,133.33054537249836,2.372826012412595,0.0
2023-06-09,0.1503323885609867,22.92205094283063,138.91379543169035,1.2935056301705803,0.0,135.89984970382704,1.6168820377132251,0.0,131.37893111203218,2.1019466490271927,0.0
2023-06-10,0.0,22.538037146329003,137.63257824300783,1.281217188682528,0.0,134.29832821797388,1.6015214858531601,0.0,129.29695318042306,2.0819779316091083,0.0
2023-06-11,0.0,27.14812350866932,136.2038382907304,1.4287399522774182,0.0,132.5124032776271,1.7859249403467727,0.0,126.97525075797226,2.3217024224508047,0.0
2023-06-12,0.0,25.57643070344536,134.82539250822015,1.3784457825102516,0.0,130.7893460494893,1.7230572281378145,0.0,124.7352763613931,2.239974396579159,0.0
2023-06-13,0.0,23.046370941106524,133.52790863810475,1.2974838701154088,0.0,129.16749121184503,1.621854837644261,0.0,122.62686507245556,2.1084112889375395,0.0
2023-06-14,0.0,25.37542901974876,132.15589490947278,1.3720137286319605,0.0,127.45247405105508,1.7150171607899505,0.0,120.39734276342863,2.229522309026936,0.0
2023-06-15,0.1135271343606571,22.907684594191235,130.9763761368193,1.2930459070141196,0.0,125.94969380164808,1.6163073837676494,0.0,118.40967029889133,2.1011995988979444,0.0
2023-06-16,0.1272412068900907,27.174892527926765,129.67402078281575,1.4295965608936565,0.0,124.28993930742111,1.7869957011170705,0.0,116.21381709432923,2.3230944114521916,0.0
2023-06-17,0.0,27.10709614130191,128.24659370629408,1.4274270765216612,0.0,122.50565546176904,1.7842838456520764,0.0,113.89424809498153,2.3195689993476996,0.0
2023-06-18,0.5439543574952705,26.05651251004072,127.39673966346804,1.3938084003213032,0.0,121.30734931886268,1.7422605004016287,0.0,112.17326380195469,2.2649386505221174,0.0
2023-06-19,0.2930181947453046,25.72100714229294,126.30668562965997,1.383072228553374,0.0,119.87152722791626,1.7288402856917175,0.0,110.21878962530076,2.247492371399233,0.0
2023-06-20,0.117875801000567,28.52228364709665,124.95184835395344,1.4727130767070928,0.0,118.14851168303296,1.840891345883866,0.0,107.94350667665229,2.393158749649026,0.0
2023-06-21,0.1476387721610993,24.99853924132383,123.73953387039218,1.3599532557223626,0.0,116.59620888554112,1.6999415696529532,0.0,105.88122140826455,2.2099240405488394,0.0
2023-06-22,0.2408210500365922,22.63171455603197,122.69614005463575,1.2842148657930232,0.0,115.23176135333642,1.6052685822412789,0.0,104.03519330138748,2.0868491569136625,0.0
2023-06-23,0.0,25.88774498151495,121.30773221522728,1.3884078394084785,0.0,113.49625155407583,1.735509799260598,0.0,101.77903056234871,2.2561627390387775,0.0
2023-06-24,0.0,29.15126570772815,119.81489171257998,1.4928405026473008,0.0,111.6302009257667,1.866050628309126,0.0,99.35316474554685,2.425865816801864,0.0
2023-06-25,0.0,22.937070031169995,118.52090547158254,1.29398624099744,0.0,110.0127181245199,1.6174828012467999,0.0,97.250437103926,2.10272764162084,0.0
2023-06-26,0.0,24.22812757761901,117.18560538909873,1.3353000824838084,0.0,108.34359302141515,1.6691251031047605,0.0,95.08057446988981,2.1698626340361886,0.0
2023-06-27,0.0411425614278751,25.76546056887705,115.84225321232253,1.3844947382040658,0.0,106.65411716008794,1.730618422755082,0.0,92.87191308173608,2.2498039495816067,0.0
2023-06-28,0.1859163481104943,24.80333094192307,114.67446297029149,1.3537065901415382,0.0,105.1479002705215,1.6921332376769227,0.0,90.85805622086657,2.1997732089799995,0.0
2023-06-29,0.2800630906103559,22.92216874156878,113.66101666117164,1.293509399730201,0.0,103.8110766114691,1.616886749662751,0.0,89.03616653691535,2.1019527745615765,0.0
2023-06-30,0.0,27.103197212099246,112.23371435038447,1.4273023107871758,0.0,102.02694872298514,1.7841278884839697,0.0,86.71680028188618,2.319366255029161,0.0
2023-07-01,0.2513788969771252,29.46934696383434,110.9820741445189,1.503019102842699,0.0,100.3995537414089,1.8787738785533736,0.0,84.52577313674392,2.442406042119386,0.0
2023-07-02,0.0,25.188399834502714,109.61604534981481,1.366028794704087,0.0,98.69201774802879,1.7075359933801086,0.0,82.30597634534978,2.2197967913941414,0.0
2023-07-03,0.0708213055733015,22.95196892685168,108.39240364972886,1.2944630056592539,0.0,97.14476029652802,1.6180787570740671,0.0,80.27329526672679,2.1035023841962874,0.0
2023-07-04,0.0,21.623260916183664,107.14045930041098,1.2519443493178775,0.0,95.57982985988068,1.5649304366473467,0.0,78.23888569908524,2.034409567641551,0.0
2023-07-05,0.0862893903924849,25.195329792683,105.8604981374376,1.3662505533658562,0.0,93.95830605856584,1.70781319170732,0.0,76.10501794025821,2.2201571492195162,0.0
2023-07-06,0.0096273999962342,26.84246017227401,104.45116681192107,1.4189587255127682,0.0,92.19423505167111,1.7736984068909603,0.0,73.8088374112962,2.3058079289582483,0.0
2023-07-07,0.0,25.537513662863727,103.07396637470943,1.3772004372116393,0.0,90.47273450515657,1.721500546514549,0.0,71.57088670082729,2.2379507104689136,0.0
2023-07-08,0.0,24.53200228446675,101.7289423016065,1.3450240731029361,0.0,88.7914544137779,1.68128009137867,0.0,69.38522258203501,2.185664118792271,0.0
2023-07-09,0.3045425616198802,23.305072496543104,100.727722543337,1.3057623198893795,0.0,87.46379407553606,1.6322028998617242,0.0,67.56790137383466,2.1218637698202416,0.0
2023-07-10,0.0,22.24328416846803,99.45593744994602,1.2717850933909771,0.0,85.87406270879734,1.5897313667387212,0.0,65.50125059707432,2.0666507767603375,0.0
2023-07-11,0.0,26.03831611560408,98.06271133424669,1.3932261156993306,0.0,84.13253006417318,1.7415326446241632,0.0,63.237258159062904,2.2639924380114125,0.0
2023-07-12,0.0,26.134782553150963,96.66639829254585,1.396313041700831,0.0,82.38713876204714,1.7453913021260385,0.0,60.968249466299056,2.26900869276385,0.0
2023-07-13,0.0,21.151447648549468,95.42955196779226,1.236846324753583,0.0,80.84108085610517,1.5460579059419786,0.0,58.95837418857448,2.0098752777245723,0.0
2023-07-14,0.7205540990587336,27.355514216955303,94.71472961190842,1.4353764549425696,0.0,79.76741438648568,1.794220568678212,0.0,57.346441548351535,2.3324867392816757,0.0
2023-07-15,0.0600217015647414,25.254188742730165,93.40661727370579,1.3681340397673654,0.0,78.11726853834121,1.7101675497092066,0.0,55.18324543529431,2.2232178146219685,0.0
2023-07-16,0.3927889576162736,26.832747313538437,92.38075831728884,1.41864791403323,0.0,76.73674760341595,1.7733098925415374,0.0,53.27073153260659,2.3053028603039984,0.0
2023-07-17,0.0,21.27413741037886,91.13998592015672,1.2407723971321236,0.0,75.18578210700079,1.5509654964151545,0.0,51.25447638726689,2.016255145339701,0.0
2023-07-18,0.0,21.14892491546405,89.90322032286187,1.2367655972948497,0.0,73.63982511038223,1.545956996618562,0.0,49.24473229166276,2.009744095604131,0.0
2023-07-19,0.6744963562241622,23.50218342020076,89.26564680963962,1.3120698694464243,0.0,72.67423412979836,1.6400873368080302,0.0,47.78711511003648,2.1321135378504392,0.0
2023-07-20,0.1025906918748895,24.722632040883607,88.01711327620623,1.3511242253082756,0.0,71.08791954003792,1.6889052816353443,0.0,45.69412893578542,2.195576866125948,0.0
2023-07-21,0.0,27.224142926353043,86.58594070256294,1.4311725736432974,0.0,69.29895382298379,1.7889657170541218,0.0,43.368473503615064,2.3256554321703584,0.0
2023-07-22,0.0,24.95537952512853,85.22736855775882,1.3585721448041133,0.0,67.60073864197865,1.6982151810051413,0.0,41.16079376830838,2.2076797353066837,0.0
2023-07-23,0.0,22.967128019906564,83.93242046112181,1.2949480966370102,0.0,65.9820535211824,1.6186851207962625,0.0,39.05650311127324,2.104290657035141,0.0
2023-07-24,0.1478302377269374,21.306516378854585,82.8384421747254,1.2418085241233467,0.0,64.57762310375514,1.5522606551541833,0.0,37.18639449729974,2.017938851700438,0.0
2023-07-25,0.2047861588518666,25.7235431326774,81.66007495333159,1.3831533802456768,0.0,63.05346753729991,1.728941725307096,0.0,35.14355641325238,2.247624242899225,0.0
2023-07-26,0.2447554507218562,21.23596966295773,80.66527937483879,1.2395510292146472,0.0,61.748784201503454,1.549438786518309,0.0,33.37404144150043,2.014270422473802,0.0
2023-07-27,0.0,26.32173657275409,79.26298380451065,1.402295570328131,0.0,59.99591473859329,1.7528694629101635,0.0,31.095311139717218,2.2787303017832126,0.0
2023-07-28,0.214484670587383,22.39305933861314,78.20089057626241,1.2765778988356205,0.0,58.61467703563615,1.5957223735445254,0.0,29.235356724696718,2.074439085607883,0.0
2023-07-29,0.0,26.03766269602285,76.80768536998968,1.3932052062727314,0.0,56.87317052779523,1.741506507840914,0.0,26.97139826450353,2.263958460193188,0.0
2023-07-30,0.1109790455715476,24.106702993788964,75.58724991976,1.3314144958012468,0.0,55.31988145361522,1.6642681197515585,0.0,24.918828754398053,2.163548555677026,0.0
2023-07-31,0.0,22.364895149020512,74.31157327499135,1.2756766447686565,0.0,53.725285647654395,1.5945958059608205,0.0,22.845854206648987,2.072974547749067,0.0
2023-08-01,0.0,21.487875531667832,73.06396125797798,1.2476120170133707,0.0,52.16577062638768,1.5595150212667133,0.0,20.81848467900226,2.0273695276467274,0.0
2023-08-02,0.0,21.7304043537938,71.80858831865658,1.2553729393214017,0.0,50.59655445223593,1.569216174151752,0.0,18.778503652604982,2.0399810263972777,0.0
2023-08-03,0.276508316896168,23.152208925615348,70.78422594993306,1.3008706856196912,0.0,49.246974412107484,1.6260883570246139,0.0,16.941097105369153,2.1139148641319983,0.0
2023-08-04,0.1135746851743643,22.331082129195053,69.62320600697319,1.2745946281342417,0.0,47.767305812114046,1.593243285167802,0.0,14.983455519825373,2.0712162707181427,0.0
2023-08-05,0.2272510815547296,20.86821328493437,68.62267426341002,1.2277828251179,0.0,46.459828362271395,1.5347285313973749,0.0,13.215559510563516,1.9951470908165874,0.0
2023-08-06,0.0,21.60154944823451,67.37142468106651,1.2512495823435044,0.0,44.89576638434202,1.5640619779293803,0.0,11.18227893925532,2.0332805713081945,0.0
2023-08-07,0.0,21.96488815420846,66.10854826013184,1.2628764209346706,0.0,43.31717085817368,1.5785955261683382,0.0,9.13010475523648,2.0521741840188397,0.0
2023-08-08,0.0,17.423170453305712,64.99100680562606,1.1175414545057827,0.0,41.92024404004145,1.3969268181322283,0.0,7.314099891664584,1.8160048635718968,0.0
2023-08-09,0.0,22.46789980166825,63.712034011972676,1.2789727936533841,0.0,40.321528047974724,1.59871599206673,0.0,5.2357691019778345,2.078330789686749,0.0
2023-08-10,0.0,19.461104682932024,62.52927866211885,1.1827553498538248,0.0,38.843083860657444,1.478444187317281,0.0,3.3137916584653695,1.9219774435124652,0.0
2023-08-11,0.1589481311024065,18.980963339546854,61.520835966355754,1.1673908268654996,0.0,37.542793458177975,1.4592385335818743,0.0,1.5757296959113392,1.8970100936564367,0.0
2023-08-12,0.0,17.77815730541186,60.39193493258257,1.1289010337731795,0.0,36.1316671659615,1.4111262922164745,0.0,0.0,1.5757296959113392,0.0
2023-08-13,0.0151663566708994,17.428455636513444,59.28939070888504,1.1177105803684302,0.0,34.74969529717186,1.3971382254605378,0.0,0.0,0.0151663566708994,0.0
2023-08-14,0.4381187174328509,18.166957516700155,58.58616678578348,1.141342640534405,0.0,33.7611357139367,1.4266783006680062,0.0,0.0,0.4381187174328509,0.0
2023-08-15,0.0,19.319680763782262,57.407937001342454,1.1782297844410323,0.0,32.28834848338541,1.4727872305512903,0.0,0.0,0.0,0.0
2023-08-16,0.0888023754607538,24.502410899154903,56.15266222803025,1.344077148772957,0.0,30.69705442287997,1.680096435966196,0.0,0.0,0.0888023754607538,0.0
2023-08-17,0.4717934553134078,19.4006450336161,55.44363504226795,1.1808206410757152,0.0,29.69282207684873,1.476025801344644,0.0,0.0,0.4717934553134078,0.0
2023-08-18,0.0,20.662800694155397,54.222425420054975,1.2212096222129727,0.0,28.166310049082515,1.5265120277662159,0.0,0.0,0.0,0.0
2023-08-19,0.3807266137541383,20.961586683171184,53.37238125994763,1.230770773861478,0.0,27.008573195509808,1.5384634673268474,0.0,0.0,0.3807266137541383,0.0
2023-08-20,0.0,20.274548506889456,52.16359570772717,1.2087855522204627,0.0,25.49759125523423,1.5109819402755782,0.0,0.0,0.0,0.0
2023-08-21,0.199469984604163,19.707840149634915,51.172414807543014,1.1906508847883173,0.0,24.208747633852997,1.4883136059853965,0.0,0.0,0.199469984604163,0.0
2023-08-22,0.2554886276486319,17.32100754954015,50.31363119360636,1.1142722415852848,0.0,23.07139595952002,1.392840301981606,0.0,0.0,0.2554886276486319,0.0
2023-08-23,0.281618014338982,22.46092203164301,49.31649970293277,1.2787495050125763,0.0,21.754577092593284,1.5984368812657204,0.0,0.0,0.281618014338982,0.0
2023-08-24,0.1352727765650426,23.01958113078072,48.15514588331283,1.296626596184983,0.0,20.269066623927095,1.6207832452312287,0.0,0.0,0.1352727765650426,0.0
2023-08-25,0.0,15.884686011450173,47.08683593094642,1.0683099523664055,0.0,18.93367918346909,1.3353874404580068,0.0,0.0,0.0,0.0
2023-08-26,0.1415094820689036,17.045502406383456,46.122889336011056,1.1054560770042705,0.0,17.693368569282654,1.3818200962553382,0.0,0.0,0.1415094820689036,0.0
2023-08-27,0.0,18.37628208181065,44.97484830939312,1.1480410266179408,0.0,16.25831728601023,1.435051283272426,0.0,0.0,0.0,0.0
2023-08-28,0.0,16.848004062219267,43.8757121794021,1.0991361299910165,0.0,14.884397123521458,1.3739201624887707,0.0,0.0,0.0,0.0
2023-08-29,0.0,19.629068414209407,42.6875819901474,1.1881301892547012,0.0,13.399234386953081,1.4851627365683764,0.0,0.0,0.0,0.0
2023-08-30,0.0,16.99957872189411,41.58359547104679,1.1039865191006115,0.0,12.019251238077317,1.3799831488757643,0.0,0.0,0.0,0.0
2023-08-31,0.0,22.62419695785851,40.29962116839532,1.2839743026514723,0.0,10.414283359762976,1.6049678783143402,0.0,0.0,0.0,0.0
2023-09-01,0.2705343522096488,20.512167598045465,39.35376615746752,1.216389363137455,0.0,9.164331008050807,1.5204867039218186,0.0,0.0,0.2705343522096488,0.0
2023-09-02,0.1605205487332514,18.392276253999334,38.365733866072794,1.1485528401279788,0.0,7.889160506624084,1.4356910501599733,0.0,0.0,0.1605205487332514,0.0
2023-09-03,0.1113452718563165,19.856279278631625,37.281678201012895,1.195400936916212,0.0,6.506254607335135,1.4942511711452648,0.0,0.0,0.1113452718563165,0.0
2023-09-04,0.0,19.848455775994687,36.086527616181066,1.1951505848318298,0.0,5.012316376295348,1.4939382310397873,0.0,0.0,0.0,0.0
2023-09-05,0.0721204613748733,16.34232682869287,35.075693619037764,1.0829544585181718,0.0,3.7307437645225066,1.3536930731477148,0.0,0.0,0.0721204613748733,0.0
2023-09-06,0.0,15.670622213222194,34.014233708214654,1.0614599108231102,0.0,2.403918875993619,1.3268248885288876,0.0,0.0,0.0,0.0
2023-09-07,0.0,17.29149528033726,32.90090585924386,1.1133278489707923,0.0,1.0122590647801286,1.3916598112134904,0.0,0.0,0.0,0.0
2023-09-08,0.2329427208540423,18.690001146931653,31.975768543396093,1.158080036701813,0.0,0.0,1.2452017856341708,0.0,0.0,0.2329427208540423,0.0
2023-09-09,0.0,17.07578665456246,30.869343370450096,1.1064251729459986,0.0,0.0,0.0,0.0,0.0,0.0,0.0
2023-09-10,0.0857106371483236,13.474077165003177,29.963883538318317,0.9911704692801018,0.0,0.0,0.0857106371483236,0.0,0.0,0.0857106371483236,0.0
2023-09-11,0.3315281638976686,14.852343081297066,29.26013672361448,1.035274978601506,0.0,0.0,0.3315281638976686,0.0,0.0,0.3315281638976686,0.0
2023-09-12,0.0,16.139536047337057,28.183671570099694,1.076465153514786,0.0,0.0,0.0,0.0,0.0,0.0,0.0
2023-09-13,0.0,15.96525886256529,27.112783286497606,1.0708882836020892,0.0,0.0,0.0,0.0,0.0,0.0,0.0
2023-09-14,0.0,19.890451851751607,25.916288827241555,1.1964944592560514,0.0,0.0,0.0,0.0,0.0,0.0,0.0
2023-09-15,0.0,13.001888907536634,24.94022838220038,0.9760604450411723,0.0,0.0,0.0,0.0,0.0,0.0,0.0
2023-09-16,0.3540131446881759,16.61331125732968,24.202615566654007,1.09162596023455,0.0,0.0,0.3540131446881759,0.0,0.0,0.3540131446881759,0.0
2023-09-17,0.0,18.408448546701884,23.05354521315955,1.1490703534944602,0.0,0.0,0.0,0.0,0.0,0.0,0.0
2023-09-18,0.0,19.801083893116925,21.859910528579807,1.1936346845797416,0.0,0.0,0.0,0.0,0.0,0.0,0.0
2023-09-19,0.0,14.277275122518963,20.8430377246592,1.016872803920607,0.0,0.0,0.0,0.0,0.0,0.0,0.0
2023-09-20,0.2538544519634143,15.89678893655352,20.0281949306529,1.0686972459697128,0.0,0.0,0.2538544519634143,0.0,0.0,0.2538544519634143,0.0
2023-09-21,0.0,15.88133631212597,18.959992168664872,1.068202761988031,0.0,0.0,0.0,0.0,0.0,0.0,0.0
2023-09-22,0.0,14.960741133061278,17.92124845240691,1.038743716257961,0.0,0.0,0.0,0.0,0.0,0.0,0.0
2023-09-23,0.2993461060535944,14.20017682386346,17.206188900096873,1.0144056583636307,0.0,0.0,0.2993461060535944,0.0,0.0,0.2993461060535944,0.0
2023-09-24,0.0,15.09808598666546,16.163050148523578,1.0431387515732948,0.0,0.0,0.0,0.0,0.0,0.0,0.0
2023-09-25,0.254482501349576,8.990140331388636,15.569848159268716,0.8476844906044363,0.0,0.0,0.254482501349576,0.0,0.0,0.254482501349576,0.0
2023-09-26,0.0,15.24754890890832,14.52192659418365,1.0479215650850662,0.0,0.0,0.0,0.0,0.0,0.0,0.0
2023-09-27,0.0,13.964874032798129,13.51505062513411,1.0068759690495401,0.0,0.0,0.0,0.0,0.0,0.0,0.0
2023-09-28,0.3167279968379085,13.097058237244726,12.852672758380187,0.9791058635918312,0.0,0.0,0.3167279968379085,0.0,0.0,0.3167279968379085,0.0
2023-09-29,0.0,17.465654262053953,11.733771821994461,1.1189009363857265,0.0,0.0,0.0,0.0,0.0,0.0,0.0
2023-09-30,0.0,11.852466105163272,10.794492906629236,0.9392789153652248,0.0,0.0,0.0,0.0,0.0,0.0,0.0
2023-10-01,0.0,12.227119123934177,9.843225094663342,0.9512678119658937,0.0,0.0,0.0,0.0,0.0,0.0,0.0
2023-10-02,0.0,16.84789745001151,8.744092376262975,1.0991327184003683,0.0,0.0,0.0,0.0,0.0,0.0,0.0
2023-10-03,0.0,11.032820687994167,7.831042114247161,0.9130502620158133,0.0,0.0,0.0,0.0,0.0,0.0,0.0
2023-10-04,0.0,11.42954762931757,6.905296590108999,0.9257455241381622,0.0,0.0,0.0,0.0,0.0,0.0,0.0
2023-10-05,0.0,12.069294225858227,5.959079174881536,0.9462174152274634,0.0,0.0,0.0,0.0,0.0,0.0,0.0
2023-10-06,38.2508332212835,13.879162212266936,43.205779205372494,1.004133190792542,0.0,36.99566673279282,1.2551664884906772,0.0,36.61911678624562,1.6317164350378806,0.0
2023-10-07,0.0,12.448476821971726,42.2474279470694,0.9583512583030953,0.0,35.79772765991395,1.197939072878869,0.0,35.06179599150309,1.5573207947425298,0.0
2023-10-08,27.80635475927699,9.283678896337207,69.19670498166359,0.8570777246827905,0.0,62.53273526333746,1.0713471558534882,0.0,61.47539944817054,1.3927513026095346,0.0
2023-10-09,0.0,10.641578051500318,68.29617448401558,0.9005304976480102,0.0,61.407072141277446,1.1256631220600126,0.0,60.01203738949253,1.4633620586780165,0.0
2023-10-10,0.0,10.329168006868244,67.4056411077958,0.8905333762197838,0.0,60.29390542100272,1.1131667202747297,0.0,58.56492065313538,1.4471167363571487,0.0
2023-10-11,48.06069654203231,11.228420602256234,114.54702819055592,0.9193094592721995,0.0,107.20546513894479,1.1491368240902493,0.0,105.13173932385037,1.4938778713173242,0.0
2023-10-12,0.0,12.074607665220013,113.60064074526888,0.9463874452870403,0.0,106.02248083233599,1.1829843066088004,0.0,103.59385972525892,1.5378795985914406,0.0
2023-10-13,0.0,11.90050874521128,112.65982446542212,0.940816279846761,0.0,104.84646048252753,1.1760203498084512,0.0,102.06503327050794,1.5288264547509867,0.0
2023-10-14,17.486860016289743,7.354416903746985,129.35134314079198,0.7953413409199035,0.0,121.3391438226674,0.9941766761498794,0.0,118.25946360780283,1.2924296789948433,0.0
2023-10-15,0.0,12.877878575426172,128.37925102637834,0.9720921144136375,0.0,120.12402867965035,1.2151151430170468,0.0,116.67981392188067,1.579649685922161,0.0
2023-10-16,0.0,11.099949848488295,127.46405263122672,0.9151983951516254,0.0,118.98003068571082,1.1439979939395317,0.0,115.19261652975928,1.4871973921213912,0.0
2023-10-17,9.32516985087972,13.20999716010322,135.80650257298316,0.9827199091233031,0.0,127.07680065018641,1.2283998864041288,0.0,122.92086652831362,1.5969198523253674,0.0
2023-10-18,0.0,11.176801577842705,134.88884492249218,0.9176576504909666,0.0,125.9297285870727,1.1470720631137081,0.0,121.4296728462658,1.4911936820478207,0.0
2023-10-19,0.0,12.339918844384623,133.93396751947188,0.954877403020308,0.0,124.73613183329732,1.1935967537753849,0.0,119.8779970663578,1.5516757799080003,0.0
2023-10-20,0.0,10.9206724884425,133.02450599984172,0.9094615196301601,0.0,123.59930493375963,1.1368268995377,0.0,118.4001220969588,1.47787496939901,0.0
2023-10-21,0.0,12.53182760224697,132.0634875165698,0.9610184832719031,0.0,122.39803182966975,1.2012731040898788,0.0,116.83846706164195,1.5616550353168424,0.0
2023-10-22,0.0,10.737200790416225,131.1598970912765,0.9035904252933191,0.0,121.2685437980531,1.129488031616649,0.0,115.3701326205403,1.4683344411016437,0.0
2023-10-23,0.0,9.351765121707686,130.30064060738184,0.8592564838946459,0.0,120.19447319318479,1.0740706048683073,0.0,113.9738408342115,1.3962917863287996,0.0
2023-10-24,0.0,13.948976816792,129.2942733492445,1.006367258137344,0.0,118.93651412051311,1.2579590726716798,0.0,112.33849403973832,1.6353467944731839,0.0
2023-10-25,0.0,11.04035156551654,128.38098209914796,0.9132912500965293,0.0,117.79490005789245,1.1416140626206617,0.0,110.85439575833146,1.4840982814068602,0.0
2023-10-26,0.0,10.269636319084093,127.49235373693726,0.888628362210691,0.0,116.68411460512908,1.1107854527633636,0.0,109.41037466973908,1.4440210885923728,0.0
2023-10-27,0.0,6.431150534674101,126.72655691982769,0.7657968171095713,0.0,115.72686858374212,0.957246021386964,0.0,108.16595484193603,1.2444198278030532,0.0
2023-10-28,8.80255498542409,6.270538765439646,134.7684546647577,0.7606572404940687,0.0,123.57860201854862,0.9508215506175858,0.0,115.73244181155727,1.2360680158028616,0.0
2023-10-29,0.0,9.297802818325362,133.9109249745713,0.8575296901864116,0.0,122.5066899058156,1.0719121127330145,0.0,114.33895606500435,1.393485746552919,0.0
2023-10-30,15.131237248538696,8.870495263170845,148.1983063746885,0.8438558484214671,0.0,136.5831073438275,1.0548198105268338,0.0,128.09892755985817,1.371265753684884,0.0
2023-10-31,1.465775099062569,7.220191297892517,148.87303535221852,0.7910461215325606,0.0,137.06007479097437,0.9888076519157006,0.0,128.27925271143033,1.2854499474904109,0.0
2023-11-01,9.887833695047403,8.601326757088788,150.0,0.8352424562268412,7.925626591039077,145.9038554157382,1.0440530702835515,0.0,136.8098174151091,1.3572689913686171,0.0
2023-11-02,0.0,11.369519761317031,149.07617536763786,0.9238246323621451,0.0,144.74907462528552,1.1547807904526812,0.0,135.30860238752064,1.5012150275884857,0.0
2023-11-03,0.0,9.457992680230827,148.21351960187047,0.8626557657673865,0.0,143.67075491807628,1.078319707209233,0.0,133.90678676814863,1.4018156193720028,0.0
2023-11-04,0.0,5.66214687942275,147.47233090172895,0.741188700141528,0.0,142.74426904289936,0.92648587517691,0.0,132.70235513041865,1.204431637729983,0.0
2023-11-05,14.23398218013169,7.600213208954497,150.0,0.803206822686544,10.90310625917408,150.0,1.0040085283581799,5.974242694672881,145.63112622368473,1.305211086865634,0.0
2023-11-06,0.0,6.094491497430003,149.24497627208223,0.7550237279177601,0.0,149.0562203401028,0.9437796598972,0.0,144.40421266581836,1.2269135578663601,0.0
2023-11-07,0.0,6.81238005869692,148.46698011020393,0.7779961618783015,0.0,148.08372513775493,0.9724952023478768,0.0,143.13996890276613,1.2642437630522398,0.0
2023-11-08,0.0,6.646100393420632,147.69430489761447,0.7726752125894603,0.0,147.1178811220181,0.9658440157368252,0.0,141.88437168230826,1.255597220457873,0.0
2023-11-09,0.0,6.4058227068865605,146.9293185709941,0.7649863266203699,0.0,146.16164821374264,0.9562329082754624,0.0,140.64126890155015,1.2431027807581012,0.0
2023-11-10,0.0,4.740888842382804,146.21761012803785,0.7117084429562497,0.0,145.27201266004732,0.8896355536953121,0.0,139.48474268174624,1.1565262198039057,0.0
2023-11-11,0.0,6.888192086176476,145.4371879812802,0.7804221467576472,0.0,144.29648497660025,0.975527683447059,0.0,138.21655669326506,1.2681859884811768,0.0
2023-11-12,0.0,5.9169560884792265,144.68784538644886,0.7493425948313353,0.0,143.35980673306108,0.936678243539169,0.0,136.99887497666415,1.2176817166009197,0.0
2023-11-13,0.0,1.0763031567860173,144.0934036854317,0.5944417010171525,0.0,142.61675460678964,0.7430521262714407,0.0,136.03290721251128,0.9659677641528729,0.0
2023-11-14,17.504416123143518,10.940563534544168,150.0,0.9100980331054134,10.68772177546981,150.0,1.1376225413817667,8.983548188551396,150.0,1.4789093037962968,2.0584140318585185
2023-11-15,0.0,8.91399732119425,149.15475208572178,0.845247914278216,0.0,148.94344010715224,1.05655989284777,0.0,148.6264721392979,1.373527860702101,0.0
2023-11-16,1.0448843451209135,5.888143755963643,149.45121583065188,0.7484206001908366,0.0,149.0527987020346,0.9355257502385457,0.0,148.4551730091087,1.2161834753101095,0.0
2023-11-17,0.0,6.585147525950563,148.68049110982145,0.770724720830418,0.0,148.0893928009966,0.9634059010380225,0.0,147.20274533775927,1.2524276713494293,0.0
2023-11-18,0.0,4.113469607866609,147.9888600823697,0.6916310274517316,0.0,147.22485401668192,0.8645387843146644,0.0,146.0788449181502,1.1239004196090636,0.0
2023-11-19,0.0,9.760024475122616,147.1165392991658,0.8723207832039237,0.0,146.13445303767702,1.0904009790049045,0.0,144.66132364544382,1.417521272706376,0.0
2023-11-20,0.0,10.077514202453006,146.2340588446873,0.8824804544784963,0.0,145.0313524695789,1.1031005680981203,0.0,143.22729290691626,1.4340307385275564,0.0
2023-11-21,0.0,6.513265416757693,145.46563435135104,0.7684244933362462,0.0,144.0708218529086,0.9605306166703077,0.0,141.97860310524487,1.2486898016714,0.0
2023-11-22,0.0,8.16648806207576,144.64430673336463,0.8213276179864244,0.0,143.04416233042556,1.0266595224830304,0.0,140.64394572601694,1.3346573792279395,0.0
2023-11-23,0.0,6.39218065051876,143.87975695254804,0.7645497808166004,0.0,142.0884751044048,0.9556872260207504,0.0,139.40155233218996,1.2423933938269756,0.0
2023-11-24,0.0,3.2929910990012967,143.21438123738,0.6653757151680415,0.0,141.25675546044477,0.8317196439600518,0.0,138.3203167950419,1.0812355371480673,0.0
2023-11-25,0.0,5.070306961130522,142.49213141462383,0.7222498227561767,0.0,140.35394318199954,0.9028122784452208,0.0,137.1466608330631,1.1736559619787872,0.0
2023-11-26,0.0,6.088019672949979,141.73731478508944,0.7548166295343993,0.0,139.41042239508155,0.9435207869179991,0.0,135.92008381006968,1.226577022993399,0.0
2023-11-27,0.0,4.847997340582177,141.0221788701908,0.7151359148986297,0.0,138.51650250145826,0.893919893623287,0.0,134.7579879483594,1.1620958617102732,0.0
2023-11-28,0.0,5.255454134750134,140.2940043378788,0.7281745323120044,0.0,137.60628433606826,0.9102181653900053,0.0,133.5747043333524,1.183283615007007,0.0
2023-11-29,0.0,5.448387422027457,139.55965594037391,0.7343483975048786,0.0,136.68834883918717,0.9179354968810982,0.0,132.38138818740697,1.1933161459454278,0.0
2023-11-30,0.0,5.410631570364872,138.82651573012225,0.7331402102516759,0.0,135.7719235763726,0.9164252628145948,0.0,131.190035345748,1.1913528416589734,0.0
2023-12-01,0.0,5.62090118087325,138.0866468923343,0.739868837787944,0.0,134.84708752913767,0.92483604723493,0.0,129.98774848434257,1.202286861405409,0.0
2023-12-02,0.0,3.341979900902343,137.41970353550542,0.666943356828875,0.0,134.01340833310158,0.8336791960360936,0.0,128.90396552949565,1.0837829548469218,0.0
2023-12-03,0.0,3.978789531871164,136.73238227048554,0.6873212650198772,0.0,133.15425675182672,0.8591515812748465,0.0,127.78706847383835,1.1168970556573004,0.0
2023-12-04,3.65071913264736,2.796125982958575,139.73362537167824,0.6494760314546744,0.0,135.99313084515575,0.811845039318343,0.0,130.38238905537185,1.055398551113846,0.0
2023-12-05,0.0,7.276253269131759,138.94078526706602,0.7928401046122163,0.0,135.00208071439047,0.9910501307652704,0.0,129.094023885377,1.2883651699948515,0.0
2023-12-06,0.0,1.0675241500287391,138.3466244942651,0.5941607728009196,0.0,134.25937974838934,0.7427009660011495,0.0,128.1285126295755,0.9655112558014944,0.0
2023-12-07,0.0,7.547075180310168,137.54511808849517,0.8015064057699255,0.0,133.25749674117694,1.0018830072124068,0.0,126.82606472019938,1.3024479093761288,0.0
2023-12-08,0.0,7.976561878070786,136.72986810839691,0.8152499800982652,0.0,132.2384342660541,1.0190624751228314,0.0,125.5012835025397,1.324781217659681,0.0
2023-12-09,16.180597343817993,4.566373306234935,150.0,0.7061239457995179,2.2043415064154033,147.53637667762268,0.8826549322493973,0.0,140.5344294344335,1.1474514119242165,0.0
2023-12-10,6.787085739680672,-0.0657556752929,150.0,0.5578958183906272,6.229189921290043,150.0,0.697369772988284,3.626092644315065,146.4149344692294,0.9065807048847692,0.0
2023-12-11,0.0,4.390602973742015,149.29950070484026,0.7004992951597444,0.0,149.12437588105033,0.8756241189496805,0.0,145.2766231145948,1.1383113546345847,0.0
2023-12-12,0.0,4.960491037487816,148.58076499164065,0.7187357131996102,0.0,148.2259562395508,0.8984196414995126,0.0,144.10867758064543,1.1679455339493665,0.0
2023-12-13,0.0,3.04623506746803,147.92328546948167,0.657479522158977,0.0,147.4041068368521,0.8218494026987212,0.0,143.0402733571371,1.0684042235083375,0.0
2023-12-14,0.0,4.01851010137654,147.23469314623762,0.6885923232440493,0.0,146.54336643279703,0.8607404040550616,0.0,141.92131083186553,1.11896252527158,0.0
2023-12-15,0.0,8.093801380185003,146.4156915020717,0.81900164416592,0.0,145.51961437758962,1.0237520552074,0.0,140.5904331600959,1.33087767176962,0.0
2023-12-16,0.0,6.350682715949561,145.6524696551613,0.763221846910386,0.0,144.56558706895163,0.9540273086379825,0.0,139.35019765886653,1.2402355012293773,0.0
2023-12-17,0.0,3.1620746153934647,144.9912832674687,0.6611863876925909,0.0,143.73910408433588,0.8264829846157385,0.0,138.27576977886608,1.07442788000046,0.0
2023-12-18,13.974653545686392,1.8093388539355637,150.0,0.617898843325938,8.348037969829136,150.0,0.7723735541574225,6.941384075864846,150.0,1.0040856204046493,1.2463377041478054
2023-12-19,0.0,4.34679877823308,149.30090243909655,0.6990975609034585,0.0,149.12612804887067,0.8738719511293231,0.0,148.86396646353188,1.1360335364681202,0.0
2023-12-20,0.0,4.5731790439372215,148.59456070969057,0.706341729405991,0.0,148.24320088711318,0.8829271617574888,0.0,147.71616115324716,1.1478053102847354,0.0
2023-12-21,0.0,5.9947133549277245,147.8427298823329,0.7518308273576872,0.0,147.30341235291607,0.939788534197109,0.0,146.4944360587909,1.2217250944562417,0.0
2023-12-22,0.0,3.9368664624678473,147.15675015553393,0.6859797267989711,0.0,146.44593769441735,0.8574746584987138,0.0,145.37971900274258,1.114717056048328,0.0
2023-12-23,0.0,6.038644939168081,146.40351351748055,0.7532366380533786,0.0,145.50439189685062,0.9415457975667232,0.0,144.15570946590583,1.22400953683674,0.0
2023-12-24,1.9234240417895163,8.897058349038904,147.4822316921008,0.844705867169245,0.0,146.37193360467856,1.0558823339615562,0.0,144.7064864735453,1.372647034150023,0.0
2023-12-25,0.0,6.671812083416734,146.70873370543148,0.7734979866693354,0.0,145.4050611213419,0.9668724833366693,0.0,143.44955224520763,1.25693422833767,0.0
2023-12-26,0.0,4.961643916398935,145.9899611001067,0.7187726053247658,0.0,144.50659536468595,0.8984657566559573,0.0,142.2815467615549,1.1680054836527445,0.0
2023-12-27,0.0,4.711476963714087,145.27919383726785,0.7107672628388508,0.0,143.6181362861374,0.8884590785485634,0.0,141.12654995944175,1.1549968021131325,0.0
2023-12-28,0.0,4.387328780766726,144.57879931628332,0.7003945209845353,0.0,142.74264313490673,0.875493151230669,0.0,139.98840886284188,1.1381410965998697,0.0
2023-12-29,0.0,7.487787400964425,143.77919011945247,0.7996091968308616,0.0,141.74313163886816,0.9995114960385769,0.0,138.68904391799174,1.29936494485015,0.0
2023-12-30,0.0,3.900634940576471,143.09436980135402,0.684820318098447,0.0,140.8871062412451,0.8560253976230587,0.0,137.57621090108177,1.1128330169099765,0.0
2023-12-31,0.0,5.277380715283871,142.36549361846494,0.728876182889084,0.0,139.97601101263376,0.9110952286113548,0.0,136.391787103887,1.1844237971947613,0.0
2024-01-01,23.378991727746456,5.323912388705603,150.0,0.7303651964385793,15.014120149772822,150.0,0.9129564955482241,12.442046244832,150.0,1.1868434442126914,8.58393538742078
2024-01-02,0.0,4.255427062652732,149.30382633399512,0.6961736660048875,0.0,149.12978291749388,0.8702170825061093,0.0,148.86871779274205,1.131282207257942,0.0
2024-01-03,0.0,2.554429685716727,148.6620845840522,0.6417417499429353,0.0,148.32760573006522,0.8021771874286691,0.0,147.82588744908477,1.04283034365727,0.0
2024-01-04,0.0,5.988549630686788,147.9104509958702,0.7516335881819772,0.0,147.38806374483775,0.9395419852274715,0.0,146.60448286828907,1.221404580795713,0.0
2024-01-05,0.0,5.266694217566225,147.1819167809081,0.7285342149621192,0.0,146.4773959761351,0.910667768702649,0.0,145.4206147689756,1.1838680993134436,0.0
2024-01-06,1.729731568629041,6.438132672954084,148.1456281040026,0.7660202455345306,0.0,147.24960223784598,0.9575253069181633,0.0,145.90556343861104,1.2447828989936123,0.0
2024-01-07,0.0,4.422234224170132,147.44411660882918,0.7015114951734442,0.0,146.37271286887918,0.8768893689668052,0.0,144.7656072589542,1.139956179656847,0.0
2024-01-08,0.0,7.98567872335467,146.62857488968183,0.8155417191473495,0.0,145.35328571994498,1.0194271489341868,0.0,143.44035196533974,1.325255293614443,0.0
2024-01-09,0.0,3.847891858157357,145.9454423502208,0.6831325394610355,0.0,144.4993700456187,0.8539156743262942,0.0,142.33026158871556,1.1100903766241825,0.0
2024-01-10,0.0,9.085708279806534,145.094699685267,0.850742664953809,0.0,143.43594171442643,1.0634283311922612,0.0,140.94780475816563,1.3824568305499396,0.0
2024-01-11,9.637087880384549,2.2293101445515098,150.0,0.6313379246256483,4.100449641025875,150.0,0.7891724057820604,2.2838571890289074,149.5589685110335,1.0259241275166786,0.0
2024-01-12,0.0,6.659827251947436,149.22688552793767,0.773114472062318,0.0,149.0336069099221,0.9663930900778974,0.0,148.30265749393223,1.2563110171012666,0.0
2024-01-13,0.0,6.809581483199911,148.44897892047527,0.7779066074623971,0.0,148.06122365059412,0.9723832593279964,0.0,147.03855925680583,1.2640982371263954,0.0
2024-01-14,0.0,4.338747736091876,147.75013899292034,0.69883992755494,0.0,147.18767374115043,0.8735499094436749,0.0,145.90294437452906,1.1356148822767775,0.0
2024-01-15,9.856651616676778,6.852479179199592,150.0,0.779279333734387,6.827511275862719,150.0,0.9740991671679836,6.070226190659213,150.0,1.2663289173183787,4.493267073887438
2024-01-16,0.0,8.639223874924832,149.16354483600242,0.8364551639975947,0.0,148.95443104500302,1.0455689549969933,0.0,148.6407603585039,1.3592396414960914,0.0
2024-01-17,0.0,1.7256872218582355,148.54832284490294,0.6152219910994635,0.0,148.18540355612868,0.7690274888743294,0.0,147.64102462296728,0.9997357355366282,0.0
2024-01-18,0.0,7.2465725635392,147.7564325228697,0.7918903220332544,0.0,147.1955406535871,0.989862902541568,0.0,146.35420284966324,1.2868217733040384,0.0
2024-01-19,0.0,1.3388948120438755,147.1535878888843,0.602844633985404,0.0,146.44198486110534,0.753555792481755,0.0,145.37458031943694,0.9796225302262815,0.0
2024-01-20,0.0,4.481030810195554,146.45019490295803,0.7033929859262578,0.0,145.56274362869752,0.8792412324078221,0.0,144.23156671730678,1.143013602130169,0.0
2024-01-21,0.0,9.760161814526612,145.5778697248932,0.8723251780648517,0.0,144.47233715611645,1.0904064725810645,0.0,142.8140383029514,1.417528414355384,0.0
2024-01-22,4.984930431692417,5.430251876871109,149.82903209652574,0.7337680600598755,0.0,148.54005751273402,0.9172100750748443,0.0,146.6065956370465,1.1923730975972977,0.0
2024-01-23,0.0,4.340533807523977,149.13013501468498,0.6988970818407673,0.0,147.66643616043305,0.873621352300959,0.0,145.47088787905525,1.135707757991247,0.0
2024-01-24,0.0,6.389359009006494,148.36567552639679,0.7644594882882079,0.0,146.7108618000728,0.9555743603602598,0.0,144.22864121058691,1.2422466684683378,0.0
2024-01-25,12.323760819757716,11.020422086253491,150.0,0.9126535067601117,9.7767828393944,150.0,1.1408168834501395,7.893805736380386,150.0,1.4830619484851815,5.069340081859451
2024-01-26,0.0,3.3230246238411816,149.3336632120371,0.6663367879629178,0.0,149.16707901504634,0.8329209849536472,0.0,148.91720271956027,1.0827972804397414,0.0
2024-01-27,0.0,4.987923609153539,148.61404965654418,0.7196135554929133,0.0,148.26756207068019,0.8995169443661415,0.0,147.74783069188427,1.169372027675984,0.0
2024-01-28,0.0,10.191904855651496,147.72790870116333,0.8861409553808479,0.0,147.15988587645413,1.1076761942260598,0.0,146.3078516393904,1.4399790524938778,0.0
2024-01-29,0.0,11.021256418236089,146.81522849577976,0.9126802053835548,0.0,146.0190356197247,1.1408502567294434,0.0,144.82474630564212,1.4831053337482765,0.0
2024-01-30,0.0,7.210079466633808,146.02450595284748,0.790722542932282,0.0,145.03063244105934,0.9884031786653523,0.0,143.53982217337716,1.284924132264958,0.0
2024-01-31,0.0,5.052173717981162,145.30283639387207,0.7216695589753972,0.0,144.1285454923401,0.9020869487192464,0.0,142.36710914004215,1.1727130333350204,0.0
2024-02-01,12.615623711645185,11.837516773978464,150.0,0.9388005367673108,6.979659568749952,150.0,1.1735006709591385,5.570668533026151,150.0,1.52555087224688,3.4571819794404632
2024-02-02,0.0,10.95244440053927,149.08952177918275,0.9104782208172566,0.0,148.86190222397843,1.1380977760215707,0.0,148.52047289117195,1.479527108828042,0.0
2024-02-03,0.0,9.24132775270672,148.23379929109612,0.855722488086615,0.0,147.79224911387016,1.0696531101082687,0.0,147.1299238480312,1.3905490431407495,0.0
2024-02-04,0.0,6.38061203160869,147.46961970608464,0.7641795850114781,0.0,146.83702463260582,0.9552244812643476,0.0,145.88813202238757,1.2417918256436518,0.0
2024-02-05,0.0,8.031413646087257,146.65261446940985,0.8170052366747922,0.0,145.81576808676232,1.0212565458434901,0.0,144.56049851279104,1.3276335095965373,0.0
2024-02-06,0.0,7.934843649580883,145.83869947262326,0.8139149967865884,0.0,144.79837434077908,1.0173937459832354,0.0,143.23788664301284,1.322611869778206,0.0
2024-02-07,11.507485601287549,9.045356426808372,150.0,0.8494514056578679,6.4967336682529435,150.0,1.0618142570723348,5.2440456849942905,150.0,1.3803585341940352,3.3650137101063535
2024-02-08,0.0,11.41570726591286,149.07469736749078,0.9253026325092115,0.0,148.84337170936348,1.1566282906365144,0.0,148.49638322217254,1.5036167778274687,0.0
2024-02-09,0.0,10.404511073373031,148.18175301314284,0.892944354347937,0.0,147.72719126642855,1.1161804429349211,0.0,147.04534864635716,1.4510345758153975,0.0
2024-02-10,4.891251604540337,6.624780361621808,150.0,0.7719929715718978,2.3010116461112773,150.0,0.9649912144648722,1.6534516565040178,150.0,1.2544885788043338,0.682111672093157
2024-02-11,0.0,11.668224198887811,149.06661682563558,0.93338317436441,0.0,148.83327103204448,1.1667289679555124,0.0,148.48325234165785,1.5167476583421662,0.0
2024-02-12,0.0,9.678997410418676,148.1968889085022,0.8697279171333977,0.0,147.74611113562773,1.087159896416747,0.0,147.06994447631607,1.4133078653417712,0.0
2024-02-13,0.0,10.566128857179825,147.29877278507243,0.8981161234297543,0.0,146.62346598134053,1.122645154287193,0.0,145.61050577574272,1.459438700573351,0.0
2024-02-14,0.0,12.26606415564603,146.34625873209177,0.9525140529806729,0.0,145.43282341511468,1.190642566225841,0.0,144.06267043964914,1.5478353360935935,0.0
2024-02-15,0.0,7.252486369296701,145.5541791682743,0.7920795638174944,0.0,144.44272396034282,0.990099454771868,0.0,142.7755411484457,1.2871292912034284,0.0
2024-02-16,0.0,9.548297127204076,144.68863366020375,0.8655455080705304,0.0,143.36079207525466,1.081931885088163,0.0,141.3690296978311,1.406511450614612,0.0
2024-02-17,0.0,8.702934823626068,143.8501397458477,0.8384939143560342,0.0,142.31267468230962,1.0481173929450427,0.0,140.00647708700257,1.3625526108285555,0.0
2024-02-18,0.0,6.777571710748044,143.07325745110379,0.7768822947439373,0.0,141.3415718138797,0.9711028684299217,0.0,138.74404335804365,1.2624337289588983,0.0
2024-02-19,0.0,10.75566445361007,142.16907618858826,0.9041812625155222,0.0,140.2113452357353,1.1302265781444027,0.0,137.27474880645593,1.4692945515877236,0.0
2024-02-20,0.0,15.23577470201096,141.12153139812392,1.0475447904643507,0.0,138.90191424765487,1.3094309880804382,0.0,135.57248852195136,1.7022602845045698,0.0
2024-02-21,0.0,6.684341801959986,140.3476324604612,0.7738989376627196,0.0,137.93454057557648,0.9673736720783994,0.0,134.31490274824944,1.2575857737019194,0.0
2024-02-22,0.0,10.453145360496952,139.4531318089253,0.8945006515359024,0.0,136.8164147611566,1.118125814419878,0.0,132.8613391895036,1.4535635587458415,0.0
2024-02-23,0.0,11.953329944645231,138.51062525069665,0.9425065582286474,0.0,135.6382815633708,1.1781331977858092,0.0,131.32976603238205,1.531573157121552,0.0
2024-02-24,0.0,11.074220377189194,137.5962501986266,0.9143750520700542,0.0,134.49531274828325,1.1429688150875676,0.0,129.84390657276822,1.485859459613838,0.0
2024-02-25,0.0,10.758864002908789,136.69196655053352,0.9042836480930814,0.0,133.3649581881669,1.1303545601163516,0.0,128.37444564461697,1.4694609281512572,0.0
2024-02-26,0.0,8.544933210672282,135.85852868779202,0.8334378627415131,0.0,132.32316085974,1.0417973284268913,0.0,127.02010911766202,1.3543365269549588,0.0
2024-02-27,0.0,11.768328056973596,134.92194218996886,0.9365864978231552,0.0,131.15242773746107,1.1707331222789439,0.0,125.4981560586994,1.5219530589626271,0.0
2024-02-28,0.0,9.949710824204432,134.0435514435943,0.8783907463745418,0.0,130.0544393044929,1.0979884329681773,0.0,124.07077109584077,1.4273849628586306,0.0
2024-02-29,0.0,7.244927594101761,133.25171376058304,0.7918376830112565,0.0,129.06464220072883,0.9897971037640705,0.0,122.78403486094747,1.2867362348932916,0.0
2024-03-01,0.0,14.176487824103818,132.23806615021172,1.0136476103713221,0.0,127.79758268776467,1.2670595129641526,0.0,121.13685749409407,1.6471773668533984,0.0
2024-03-02,3.959685131928334,13.867559393121192,135.19398938156016,1.0037619005798781,0.0,130.50256544396814,1.2547023757248477,0.0,123.4654295375801,1.631113088442302,0.0
2024-03-03,0.0,12.21849762489607,134.2429974575635,0.9509919239966742,0.0,129.31382553897228,1.1887399049958427,0.0,121.92006766108551,1.5453618764945956,0.0
2024-03-04,0.0,12.738567801070351,133.27536328792925,0.9676341696342512,0.0,128.10428282692948,1.209542712042814,0.0,120.34766213542986,1.5724055256556582,0.0
2024-03-05,5.446543128774223,14.595103074269254,137.69486311832685,1.027043298376616,0.0,132.26702183273295,1.28380412297077,0.0,124.12525990434207,1.668945359862001,0.0
2024-03-06,0.0,13.061951653496664,136.71688066541495,0.9779824529118933,0.0,131.04454376659308,1.2224780661398666,0.0,122.53603841836025,1.5892214859818268,0.0
2024-03-07,3.3931499592947207,14.588819979480975,139.0831883853663,1.0268422393433914,0.0,133.15414092670858,1.283552799179239,0.0,124.26056973872195,1.6686186389330109,0.0
2024-03-08,0.0,12.353990599566108,138.12786068618018,0.9553276991861154,0.0,131.95998130272594,1.1941596239826442,0.0,122.70816222754452,1.5524075111774376,0.0
2024-03-09,0.0,15.741700378715452,137.0641262740613,1.0637344121188945,0.0,130.6303132875773,1.329668015148618,0.0,120.97959380785132,1.7285684196932034,0.0
2024-03-10,19.91310310563675,13.928640010050591,150.0,1.005716480321619,5.971512899376421,149.28627079281202,1.2571456004020236,0.0,139.25840763296543,1.6342892805226308,0.0
2024-03-11,0.0,13.845015680568936,148.9969594982218,1.0030405017782058,0.0,148.03247016558927,1.2538006272227573,0.0,137.62846681757586,1.6299408153895845,0.0
2024-03-12,0.0,11.087090101443287,148.0821726149756,0.9147868832461852,0.0,146.88898656153154,1.1434836040577314,0.0,136.1419381323008,1.486528685275051,0.0
2024-03-13,0.0,14.37183125960989,147.06227401466808,1.0198986003075166,0.0,145.61411331114715,1.2748732503843956,0.0,134.4846029068011,1.6573352254997142,0.0
2024-03-14,5.929905638582784,12.30507319053675,150.0,0.9537623420971759,2.038417311153694,150.0,1.1922029276214698,0.35181602210846563,138.86464473947598,1.5498638059079108,0.0
2024-03-15,0.0,12.863786559568544,149.0283588300938,0.9716411699061933,0.0,148.78544853761727,1.2145514623827416,0.0,137.28572783837842,1.578916901097564,0.0
2024-03-16,0.0,12.68122447534456,148.06255964688276,0.965799183211026,0.0,147.5781995586035,1.2072489790137824,0.0,135.71630416566052,1.5694236727179172,0.0
2024-03-17,0.0,12.351333463969013,147.10731697603575,0.9552426708470083,0.0,146.38414622004473,1.1940533385587604,0.0,134.16403482553412,1.5522693401263885,0.0
2024-03-18,0.0,18.905326689806465,145.94234652196195,1.1649704540738068,0.0,144.92793315245248,1.4562130675922584,0.0,132.27095783766418,1.893076987869936,0.0
2024-03-19,0.0,17.49054456241846,144.82264909596455,1.1196974259973906,0.0,143.52831136995573,1.3996217824967383,0.0,130.45144952041844,1.8195083172457598,0.0
2024-03-20,0.0,18.84073500428852,143.65974557582732,1.1629035201372326,0.0,142.0746819697842,1.4536294001715406,0.0,128.56173130019542,1.889718220223003,0.0
2024-03-21,0.0,12.72634352244722,142.69250258310902,0.967242992718311,0.0,140.8656282288863,1.2090537408978888,0.0,126.98996143702816,1.5717698631672554,0.0
2024-03-22,0.0,15.48672361604924,141.63692742739545,1.0555751557135757,0.0,139.5461592842443,1.3194689446419696,0.0,125.2746518089936,1.7153096280345606,0.0
2024-03-23,9.397135825591633,12.929181421824346,150.0,0.9737338054983792,0.06032944748872637,147.72612785296297,1.217167256872974,0.0,133.08947020065037,1.582317433934866,0.0
2024-03-24,0.0,14.296634513629073,148.98250769556387,1.0174923044361304,0.0,146.4542624724178,1.271865380545163,0.0,131.43604520594167,1.6534249947087118,0.0
2024-03-25,0.0,14.023394020541316,147.97375908690654,1.0087486086573223,0.0,145.19332671159617,1.2609357608216527,0.0,129.7968287168735,1.6392164890681487,0.0
2024-03-26,0.0,18.51018498735747,146.8214331673111,1.152325919595439,0.0,143.75291931210188,1.4404073994942987,0.0,127.92429909753092,1.8725296193425884,0.0
2024-03-27,0.0,15.409621092790008,145.76832529234184,1.0531078749692804,0.0,142.43653446839028,1.3163848437116004,0.0,126.21299880070583,1.7113002968250806,0.0
2024-03-28,0.0,18.509546388520683,144.61601980790917,1.152305484432662,0.0,140.99615261284944,1.4403818555408274,0.0,124.34050238850276,1.8724964122030756,0.0
2024-03-29,0.0,17.751329985819847,143.48797724836294,1.1280425595462351,0.0,139.58609941341666,1.4100531994327938,0.0,122.50743322924012,1.833069159262632,0.0
2024-03-30,16.128453216241134,21.32020894602435,150.0,1.2422466862727792,8.374183778331286,150.0,1.552808357840974,4.161744271816815,136.61723558028797,2.018650865193266,0.0
2024-03-31,0.0,13.923378652152994,148.9944518831311,1.0055481168688958,0.0,148.7430648539139,1.2569351460861198,0.0,134.983219890376,1.6340156899119558,0.0
2024-04-01,0.0,19.569511478259788,147.8082275158268,1.1862243673043131,0.0,147.2602843947835,1.4827804591303915,0.0,133.0556052935065,1.9276145968695089,0.0
2024-04-02,3.208380980000036,19.51209687084311,149.83222139595986,1.1843870998669794,0.0,148.9881814999498,1.4804838748337243,0.0,134.3393572362227,1.9246290372838417,0.0
2024-04-03,0.0,15.43996998400543,148.77814235647168,1.0540790394881738,0.0,147.6705827005896,1.3175987993602172,0.0,132.6264787970544,1.7128784391682823,0.0
2024-04-04,0.0,19.56779962410819,147.59197276850023,1.186169587971462,0.0,146.18787071562525,1.4827119849643275,0.0,130.69895321660078,1.9275255804536258,0.0
2024-04-05,1.6320907933806923,18.391871501393517,148.07552367383633,1.1485398880445925,0.0,146.3842866489502,1.4356748600557405,0.0,130.464666691909,1.8663773180724628,0.0
2024-04-06,0.0,17.429871808899275,146.95776777595157,1.1177558978847768,0.0,144.9870917765942,1.3971948723559708,0.0,128.64831335784623,1.8163533340627622,0.0
2024-04-07,0.0,16.401341272618893,145.87292485522775,1.0848429207238046,0.0,143.63103812568946,1.3560536509047556,0.0,126.88544361167006,1.7628697461761824,0.0
2024-04-08,0.0,16.774477714025274,144.77614156837893,1.0967832868488088,0.0,142.26005901712844,1.370979108561011,0.0,125.10317077054074,1.7822728411293143,0.0
2024-04-09,3.406479543030174,22.474853187512984,146.9034258094087,1.2791953020004154,0.0,144.06754443265808,1.5989941275005193,0.0,126.43095794782025,2.0786923657506753,0.0
2024-04-10,0.0,18.53812685967868,145.75020574989898,1.1532200595097177,0.0,142.62601935827092,1.441525074387147,0.0,124.55697535111696,1.8739825967032913,0.0
2024-04-11,0.0,20.26150543196965,144.54183757607595,1.208368173823029,0.0,141.11555914099213,1.510460217278786,0.0,122.59337706865453,1.9635982824624219,0.0
2024-04-12,0.0,17.274835299100964,143.42904284650473,1.1127947295712308,0.0,139.7245657290281,1.3909934119640384,0.0,120.78508563310129,1.80829143555325,0.0
2024-04-13,0.0,17.455173999616456,142.310477278517,1.1185655679877264,0.0,138.32635876904342,1.398206959984658,0.0,118.96741658512123,1.8176690479800555,0.0
2024-04-14,10.317058226313552,21.33590564462305,150.0,1.2427489806279377,1.3847865242026103,147.08998076957204,1.553436225784922,0.0,127.26500771791439,2.0194670935203987,0.0
2024-04-15,0.0,16.628603502401248,148.90788468792317,1.0921153120768399,0.0,145.724836629476,1.3651441400960498,0.0,125.49032033578952,1.7746873821248648,0.0
2024-04-16,9.71956158791349,18.651865881593565,150.0,1.1568597082109942,7.4705865676256735,150.0,1.4460746352637426,3.998323582125721,133.32998489786013,1.8798970258428653,0.0
2024-04-17,11.488954043160383,19.70355753117297,150.0,1.190513840997535,10.298440202162851,150.0,1.4881423012469188,10.00081174191348,142.88435394939953,1.9345849916209945,0.0
2024-04-18,0.0,20.01008360483799,148.7996773246452,1.2003226753548157,0.0,148.49959665580647,1.5004033441935196,0.0,140.93382960194796,1.9505243474515757,0.0
2024-04-19,0.0,19.579568931567454,147.61313111883504,1.1865462058101586,0.0,147.01641389854376,1.483182757262698,0.0,139.00569201750645,1.9281375844415076,0.0
2024-04-20,0.0,20.87834900071289,146.38502395081224,1.2281071680228126,0.0,145.48127993851526,1.5351339600285157,0.0,137.01001786946938,1.9956741480370703,0.0
2024-04-21,0.0,21.619867585291125,145.13318818808293,1.251835762729316,0.0,143.9164852351036,1.564794703411645,0.0,134.97578475503425,2.0342331144351387,0.0
2024-04-22,0.0,21.849326806301654,143.87400973028127,1.259178457801653,0.0,142.34251216285153,1.5739730722520662,0.0,132.92961976110658,2.046164993927686,0.0
2024-04-23,0.0,18.552745514340543,142.72032187382237,1.1536878564588975,0.0,140.9004023422779,1.4421098205736218,0.0,131.05487699436088,1.8747427667457084,0.0
2024-04-24,0.0,20.09870736705358,141.51716323807665,1.2031586357457147,0.0,139.39645404759577,1.5039482946821432,0.0,129.0997442112741,1.9551327830867862,0.0
2024-04-25,0.0,23.197528458291885,140.2148423274113,1.3023209106653404,0.0,137.7685529092641,1.6279011383316755,0.0,126.98347273144292,2.116271479831178,0.0
2024-04-26,0.0,22.73656124475538,138.92727236757912,1.2875699598321722,0.0,136.15909045947387,1.609462449790215,0.0,124.89117154671564,2.0923011847272797,0.0
2024-04-27,7.410818070771493,18.339049798189134,145.19124084480856,1.1468495935420522,0.0,142.13634653831778,1.4335619919275653,0.0,130.43835902798128,1.863630589505835,0.0
2024-04-28,0.0,21.92342728511308,143.92969117168494,1.2615496731236187,0.0,140.55940944691326,1.576937091404523,0.0,128.3883408091554,2.05001821882588,0.0
2024-04-29,0.0,17.39787251015215,142.81295925136007,1.116731920324869,0.0,139.16349454650717,1.395914900406086,0.0,126.5736514386275,1.814689370527912,0.0
2024-04-30,7.19289110004085,21.580165414470557,148.75528505813784,1.250565293263058,0.0,144.7931790299692,1.5632066165788223,0.0,131.7343739371159,2.032168601552469,0.0
2024-05-01,17.856517613164144,25.41188021591473,150.0,1.3731801669092716,15.238622504392708,150.0,1.7164752086365893,10.933221434496744,147.35947377905248,2.2314177712275662,0.0
2024-05-02,0.0,19.84865075379148,148.80484317587866,1.1951568241213273,0.0,148.50605396984835,1.4939460301516592,0.0,145.41734393985533,1.9421298391971569,0.0
2024-05-03,0.0,20.201881581253502,147.59838296527855,1.2064602106001123,0.0,146.99797870659822,1.5080752632501402,0.0,143.45684609763015,1.9604978422251824,0.0
2024-05-04,0.0,23.52264283366219,146.28565839460134,1.3127245706771902,0.0,145.35707299325173,1.6409057133464875,0.0,141.32366867027972,2.133177427350434,0.0
2024-05-05,0.0,19.030963192398453,145.11666757244458,1.1689908221567504,0.0,143.8958344655558,1.461238527695938,0.0,139.424058584275,1.8996100860047196,0.0
2024-05-06,21.531632526607947,20.970930323189044,150.0,1.2310697703420495,15.417230328710474,150.0,1.5388372129275618,13.888629779236169,150.0,2.0004883768058304,8.955202734077119
2024-05-07,0.0,23.54705250480336,148.6864943198463,1.3135056801537077,0.0,148.35811789980787,1.6418821001921344,0.0,147.86555326975022,2.134446730249775,0.0
2024-05-08,0.0,21.201149181586747,147.44805754603553,1.238436773810776,0.0,146.8100719325444,1.5480459672634699,0.0,145.8530935123077,2.0124597574425107,0.0
2024-05-09,0.0,22.11111811036368,146.18050176650388,1.267555779531638,0.0,145.22562720812985,1.5844447244145472,0.0,143.7933153705688,2.0597781417389114,0.0
2024-05-10,0.0,24.182519689469448,144.84666113644087,1.3338406300630223,0.0,143.55832642055108,1.6673007875787778,0.0,141.62582434671637,2.167491023852411,0.0
2024-05-11,0.0,23.64605067778088,143.5299875147519,1.316673621688988,0.0,141.91248439343985,1.645842027111235,0.0,139.48622971147176,2.1395946352446056,0.0
2024-05-12,0.0,23.443093360158574,142.21980852722683,1.3101789875250744,0.0,140.27476065903352,1.637723734406343,0.0,137.3571888567435,2.129040854728246,0.0
2024-05-13,0.0,22.33536632320669,140.94507680488422,1.2747317223426142,0.0,138.68134600610526,1.5934146529282676,0.0,135.28574980793675,2.071439048806748,0.0
2024-05-14,0.0,23.85551282061152,139.62170039462467,1.3233764102595686,0.0,137.0271254932808,1.6542205128244607,0.0,133.13526314126494,2.150486666671799,0.0
2024-05-15,0.0,22.96730017282463,138.32674678909427,1.294953605530388,0.0,135.4084334863678,1.618692006912985,0.0,131.03096353227807,2.1042996089868806,0.0
2024-05-16,8.855502327023656,24.227317483509648,145.84697495664562,1.3352741594723088,0.0,142.5948431140511,1.6690926993403858,0.0,137.7166453501592,2.1698205091425016,0.0
2024-05-17,9.751232666956314,22.41232000610883,150.0,1.2771942401954826,4.321013383406466,150.0,1.596492800244353,0.7495829807630514,145.3924373767979,2.075440640317659,0.0
2024-05-18,13.763210943565388,23.1330329665162,150.0,1.3002570549285186,12.46295388863686,150.0,1.625321318660648,12.137889624904744,150.0,2.1129177142588427,7.0427306061044135
2024-05-19,0.0,21.607723997654,148.74855283207506,1.251447167924928,0.0,148.43569104009384,1.56430895990616,0.0,147.96639835212198,2.033601647878008,0.0
2024-05-20,0.0,23.604548327283496,147.43320728560198,1.315345546473072,0.0,146.7915091070025,1.6441819330913399,0.0,145.82896183910324,2.137436513018742,0.0
2024-05-21,0.0,22.13691532418474,146.16482599522806,1.2683812903739118,0.0,145.2060324940351,1.5854766129673896,0.0,143.76784224224565,2.0611195968576066,0.0
2024-05-22,0.0,21.61258219910965,144.91322336485655,1.2516026303715089,0.0,143.64152920607071,1.5645032879643859,0.0,141.73398796789195,2.033854274353702,0.0
2024-05-23,0.0,24.437135760306266,143.57123502052676,1.3419883443298006,0.0,141.96404377565847,1.6774854304122506,0.0,139.55325690835602,2.1807310595359257,0.0
2024-05-24,21.069669703463045,24.421788248237757,150.0,1.3414972239436083,13.299407500046186,150.0,1.6768715299295103,11.356841949191988,150.0,2.1799329889083636,8.442993622910677
2024-05-25,0.0,25.6358855979235,148.61965166086645,1.380348339133552,0.0,148.27456457608307,1.72543542391694,0.0,147.75693394890797,2.243066051092022,0.0
2024-05-26,0.0,23.279028742703137,147.31472274109996,1.3049289197665006,0.0,146.64340342637493,1.6311611497081255,0.0,145.6364244542874,2.1205094946205634,0.0
2024-05-27,0.0,25.025818570839856,145.95389654683308,1.3608261942668756,0.0,144.94237068354133,1.7010327428335943,0.0,143.42508188860373,2.2113425656836725,0.0
2024-05-28,0.0,25.37701198033929,144.58183216346222,1.3720643833708575,0.0,143.22729020432774,1.7150804792135717,0.0,141.1954772656261,2.2296046229776434,0.0
2024-05-29,0.0,25.22791990389244,143.21453872653765,1.3672934369245582,0.0,141.51817340817206,1.7091167961556977,0.0,138.97362543062368,2.2218518350024072,0.0
2024-05-30,0.0,22.74725321381467,141.9266266236956,1.2879121028420695,0.0,139.90828327961947,1.6098901285525868,0.0,136.88076826350533,2.092857167118363,0.0
2024-05-31,8.170659142287157,24.754690838813804,148.74513565914071,1.3521501068420418,0.0,146.38875478835408,1.690187633552552,0.0,142.85418348217416,2.1972439236183177,0.0
2024-06-01,13.60785089542178,25.238845755060854,150.0,1.3676430641619475,10.985343490400567,150.0,1.7095538302024342,8.287051853573445,150.0,2.2224199792631647,4.2396143983328045
2024-06-02,0.0,24.57670519973494,148.65354543360849,1.3464545663915182,0.0,148.3169317920106,1.6830682079893975,0.0,147.8120113296138,2.187988670386217,0.0
2024-06-03,0.0,20.43834252198084,147.4395184729051,1.214026960703387,0.0,146.79939809113137,1.5175337008792336,0.0,145.8392175184708,1.9727938111430037,0.0
2024-06-04,0.0,24.978378624495505,146.08021035692124,1.3593081159838563,0.0,145.10026294615153,1.6991351449798202,0.0,143.63034182999704,2.2088756884737664,0.0
2024-06-05,0.0,29.125701297309558,144.58818791540733,1.4920224415139058,0.0,143.23523489425915,1.8650280518923823,0.0,141.20580536253695,2.424536467460097,0.0
2024-06-06,4.671292641050867,24.02092601421024,147.93081092400345,1.3286696324547276,0.0,146.2456904947416,1.6608370405684094,0.0,143.71800985084886,2.1590881527389323,0.0
2024-06-07,1.9773991085017413,23.322329219345928,148.6018954974861,1.3063145350190697,0.0,146.5901964344695,1.632893168773837,0.0,143.5726478399446,2.1227611194059883,0.0
2024-06-08,0.0,25.55976182213889,147.22398311917766,1.3779123783084444,0.0,144.86780596158394,1.7223904728855555,0.0,141.3335402251934,2.239107614751222,0.0
2024-06-09,0.0,25.469494588454065,145.84895929234713,1.3750238268305301,0.0,143.14902617804577,1.7187797835381626,0.0,139.0991265065938,2.2344137185996114,0.0
2024-06-10,5.196713701791331,27.25896475477269,149.61338612198574,1.4322868721527262,0.0,146.5553812896462,1.7903585901909076,0.0,141.96837404113694,2.32746616724818,0.0
2024-06-11,0.0,22.383588639055755,148.33711128553597,1.2762748364497842,0.0,144.96003774408396,1.5953435455622302,0.0,139.89442743190605,2.0739466092308994,0.0
2024-06-12,24.80661667338279,26.384982599329305,150.0,1.4043194431785377,21.739408515740223,150.0,1.7553993039731721,18.011255113493576,150.0,2.282019095165124,12.419025010123732
2024-06-13,0.0,26.12302319144245,148.60406325787383,1.3959367421261586,0.0,148.2550790723423,1.744920927657698,0.0,147.731602794045,2.2683972059550075,0.0
2024-06-14,13.8322394305916,24.674896887590695,150.0,1.3495967004029024,11.086705988062533,150.0,1.6869958755036278,10.400322627430256,150.0,2.193094638154716,9.370747586481855
2024-06-15,0.0,25.650624366924934,148.6191800202584,1.3808199797415979,0.0,148.273975025323,1.7260249746769973,0.0,147.7561675329199,2.2438324670800966,0.0
2024-06-16,2.2277792089528745,27.043269174752357,149.4215746156192,1.4253846135920756,0.0,148.72002346728578,1.7817307669900944,0.0,147.66769674478567,2.3162499970871226,0.0
2024-06-17,0.0,26.737130872453733,148.00598642770066,1.4155881879185195,0.0,146.95053823238763,1.7694852348981494,0.0,145.36736593941808,2.300330805367594,0.0
2024-06-18,14.357362969292254,22.71164639565145,150.0,1.2867726846608463,11.076576712332098,150.0,1.6084658558260578,9.699435345853828,150.0,2.091005612573875,7.6337232961364805
2024-06-19,2.447637176497782,26.640223770872872,150.0,1.412487160667932,1.0351500158298563,150.0,1.7656089508349149,0.6820282256628616,150.0,2.2952916360853894,0.1523455404123979
2024-06-20,11.356045228676283,24.86978937648234,150.0,1.355833260047435,10.00021196862886,150.0,1.6947915750592937,9.661253653616996,150.0,2.2032290475770817,9.152816181099212
2024-06-21,0.0,25.141211002904605,148.63548124790705,1.3645187520929474,0.0,148.2943515598838,1.7056484401161842,0.0,147.78265702784896,2.2173429721510396,0.0
2024-06-22,0.0,25.135191137853724,147.27115513149573,1.3643261164113192,0.0,146.58894391436965,1.705407645514149,0.0,145.56562708868057,2.217029939168394,0.0
2024-06-23,3.068824426702989,24.6786856310574,148.9902616180049,1.3497179401938368,0.0,147.97062091583035,1.687147425242296,0.0,146.44115986256858,2.193291652814985,0.0
2024-06-24,0.0,27.35000401175583,147.5550614896287,1.4352001283761866,0.0,146.17662075536012,1.7940001604702331,0.0,144.10895965395727,2.332200208611303,0.0
2024-06-25,0.0,24.783617191308554,146.20198573950685,1.3530757501218738,0.0,144.4852760677078,1.6913446876523421,0.0,141.91021156000923,2.198748093948045,0.0
2024-06-26,0.0,22.69347623590781,144.9157944999578,1.28619123954905,0.0,142.87753701827148,1.6077390494363124,0.0,139.82015079574202,2.090060764267206,0.0
2024-06-27,2.070768126044438,24.12408092799509,145.65459203630638,1.331970589695843,0.0,143.28334190719613,1.6649632371198035,0.0,139.72646671353073,2.1644522082557445,0.0
2024-06-28,0.0,25.24416533594436,144.28677874555618,1.3678132907502194,0.0,141.57357529375835,1.7097666134377743,0.0,137.50377011606162,2.2226965974691066,0.0
2024-06-29,27.94683351891233,27.31791106823241,150.0,1.434173154183437,20.79943911028508,150.0,1.7927164427292963,17.727692369941394,150.0,2.330531375548085,13.120072259425882
2024-06-30,5.9254859371952096,26.03545488969749,150.0,1.3931345564703197,4.53235138072489,150.0,1.7414181955878996,4.184067741607322,150.0,2.2638436542642695,3.6616422829309556
2024-07-01,0.0,23.09506635896081,148.70095787651326,1.299042123486746,0.0,148.37619734564157,1.6238026543584323,0.0,147.88905654933404,2.110943450665962,0.0
2024-07-02,13.62891000141711,29.730485339681465,150.0,1.511375530869807,10.818492347060555,150.0,1.8892194135872586,10.115887933471413,150.0,2.455985237663436,9.0619813130877
2024-07-03,0.0,25.25073258824657,148.6319765571761,1.3680234428238904,0.0,148.28997069647014,1.7100293035298628,0.0,147.77696190541118,2.223038094588822,0.0
2024-07-04,0.0,27.23015930623867,147.20061145937646,1.4313650977996375,0.0,146.5007643242206,1.7892063722495468,0.0,145.45099362148676,2.325968283924411,0.0
2024-07-05,0.0,24.33127661848703,145.86201060758486,1.3386008517915853,0.0,144.82751325948112,1.6732510647394814,0.0,143.27576723732543,2.1752263841613257,0.0
2024-07-06,0.0,25.653896659283863,144.48108591448778,1.3809246930970838,0.0,143.10135739310977,1.7261558663713545,0.0,141.03176461104266,2.244002626282761,0.0
2024-07-07,8.479974322311534,26.215746975341265,150.0,1.3989039032109205,1.5621563335884048,149.83270183640764,1.7486298790136505,0.0,147.23852009063646,2.2732188427177458,0.0
2024-07-08,2.6912100582135023,26.920005223630227,150.0,1.4214401671561674,1.2697698910573365,150.0,1.776800208945209,0.7471116856759181,147.6198898772212,2.309840271628772,0.0
2024-07-09,0.0,26.542348044660656,148.59064486257085,1.409355137429141,0.0,148.23830607821358,1.7616939217864263,0.0,145.32968777889883,2.290202098322354,0.0
2024-07-10,6.557321506934424,26.11320746310027,150.0,1.3956226388192086,3.75234373068605,150.0,1.7445282985240107,3.0510992866239803,149.61912249775202,2.267886788081214,0.0
2024-07-11,2.719582913400985,23.67706584799157,150.0,1.3176661071357303,1.4019168062652625,150.0,1.6470826339196627,1.0725002794813179,150.0,2.1412074240955614,0.1974979870574316
2024-07-12,43.36052759758599,23.099415138018813,150.0,1.2991812844166022,42.061346313169395,150.0,1.6239766055207525,41.73655099206525,150.0,2.1111695871769784,41.249358010409
2024-07-13,15.651296729458554,24.841051281242333,150.0,1.3549136409997546,14.296383088458782,150.0,1.6936420512496932,13.957654678208854,150.0,2.2017346666246014,13.449562062833962
2024-07-14,8.337708623292741,25.9723024456243,150.0,1.3911136782599778,6.946594945032757,150.0,1.738892097824972,6.598816525467782,150.0,2.260559727172464,6.0771488961202635
2024-07-15,13.041128714147424,23.588116621693636,150.0,1.3148197318941965,11.726308982253215,150.0,1.6435246648677455,11.397604049279664,150.0,2.1365820643280693,10.904546649819338
2024-07-16,0.0,26.088736838777866,148.6051604211591,1.3948395788408918,0.0,148.25645052644887,1.7435494735511146,0.0,147.73338568438356,2.266614315616449,0.0
2024-07-17,0.0,26.78580671726729,147.18801460620654,1.4171458149525533,0.0,146.48501825775818,1.7714322686906916,0.0,145.43052373508567,2.302861949297899,0.0
2024-07-18,0.0,21.96748020158852,145.9250552397557,1.2629593664508327,0.0,144.90631904969464,1.5786992080635407,0.0,143.37821476460306,2.052308970482603,0.0
2024-07-19,14.857575285802858,22.04322177950066,150.0,1.2653830969440212,9.517247428614525,150.0,1.5817288711800264,8.182165464317478,150.0,2.056247532534034,6.17954251787188
2024-07-20,14.889197303519367,23.35067116268844,150.0,1.30722147720603,13.58197582631334,150.0,1.6340268465075374,13.255170457011843,150.0,2.1242349004597987,12.76496240305957
2024-07-21,14.383597835351164,24.158447033876666,150.0,1.3330703050840533,13.050527530267118,150.0,1.6663378813550667,12.717259953996091,150.0,2.1662392457615867,12.217358589589594
2024-07-22,0.0,22.40335654599653,148.7230925905281,1.2769074094718889,0.0,148.40386573816014,1.596134261839861,0.0,147.92502545960818,2.0749745403918194,0.0
2024-07-23,0.0,26.063660151920654,147.32905546566664,1.394037124861461,0.0,146.6613193320833,1.742546406076826,0.0,145.6597151317083,2.265310327899874,0.0
2024-07-24,13.508281586062845,24.111675710276,150.0,1.331573622728832,9.505763429000666,150.0,1.6644670284110399,8.505133889735106,150.0,2.163807136934352,7.004189580836794
2024-07-25,0.0,23.24427461094064,148.6961832124499,1.3038167875501006,0.0,148.3702290155624,1.6297709844376256,0.0,147.8812977202311,2.1187022797689132,0.0
2024-07-26,8.961249566456623,20.19298041547239,150.0,1.2061753732951166,6.451257405611415,150.0,1.5077192166188955,5.823759365400093,150.0,1.9600349816045644,4.882512305083139
2024-07-27,0.0,20.330197004971144,148.78943369584093,1.2105663041590766,0.0,148.48679211980115,1.5132078801988458,0.0,148.0328297557415,1.9671702442584995,0.0
2024-07-28,0.0,23.41851705135076,147.4800411501977,1.3093925456432245,0.0,146.8500514377471,1.6367406820540304,0.0,145.90506686907125,2.1277628866702396,0.0
2024-07-29,0.0,18.48364916136073,146.32856437703416,1.1514767731635434,0.0,145.4107054712927,1.4393459664544292,0.0,144.03391711268048,1.871149756390758,0.0
2024-07-30,0.0,24.66416094719357,144.97931122672395,1.3492531503101943,0.0,143.72413903340495,1.6865664378877427,0.0,141.8413807434264,2.1925363692540656,0.0
2024-07-31,0.0,22.210360586575444,143.70857968795355,1.2707315387704143,0.0,142.13572460994195,1.5884144234630178,0.0,139.7764419929245,2.064938750501923,0.0
2024-08-01,26.369483691351103,28.898406047675422,150.0,1.4847489935256135,18.593314385779024,150.0,1.855936241907017,16.64927205938602,150.0,2.412717114479122,13.733208569796489
2024-08-02,0.0,26.911408042097094,148.5788349426529,1.421165057347107,0.0,148.2235436783161,1.7764563216838838,0.0,147.69060678181094,2.309393218189049,0.0
2024-08-03,9.476815536901467,21.813870998264587,150.0,1.2580438719444669,6.797606607609879,150.0,1.5725548399305835,6.127804375286985,150.0,2.0443212919097586,5.12310102680263
2024-08-04,0.0,21.84316209600915,148.7410188129277,1.258981187072293,0.0,148.42627351615963,1.573726483840366,0.0,147.95415557100753,2.045844428992476,0.0
2024-08-05,0.0,23.923975296873834,147.41545160342775,1.3255672094999627,0.0,146.76931450428467,1.6569590118749533,0.0,145.8001088555701,2.154046715437439,0.0
2024-08-06,0.0,25.21407931460624,146.04860106536034,1.3668505380673999,0.0,145.0607513317004,1.7085631725842496,0.0,143.5789767312106,2.221132124359525,0.0
2024-08-07,8.55749559969312,18.404580527263303,150.0,1.1489465768724256,3.457150088181038,150.0,1.436183221090532,2.1820637103029696,150.0,1.8670381874176918,0.26943414348599504
2024-08-08,0.0,17.97881264138148,148.8646779954758,1.1353220045242074,0.0,148.58084749434474,1.4191525056552592,0.0,148.15510174264816,1.844898257351837,0.0
2024-08-09,0.0,20.176477521256874,147.6590307147956,1.20564728068022,0.0,147.07378839349445,1.507059100850275,0.0,146.1959249115428,1.9591768311053575,0.0
2024-08-10,0.0,22.453103312306077,146.3805314088018,1.2784993059937946,0.0,145.4756642610022,1.598124132492243,0.0,144.11836353930286,2.077561372239916,0.0
2024-08-11,9.54864005693272,22.146593180648477,150.0,1.2686909817807512,4.660480483953762,150.0,1.585863727225939,3.438440590709007,150.0,2.0616228453937206,1.6053807508418743
2024-08-12,10.153512521638648,23.155783542216927,150.0,1.3009850733509418,8.852527448287702,150.0,1.6262313416886771,8.527281179949966,150.0,2.11410074419528,8.039411777443377
2024-08-13,1.057714405273092,18.47845746619412,149.90640376635488,1.1513106389182117,0.0,149.6185761066253,1.4391382986477645,0.0,149.186834617031,1.870879788242094,0.0
2024-08-14,3.3676299530033624,16.10543495310549,150.0,1.0753739184993758,2.198659800858877,150.0,1.3442173981242196,1.641988661504456,150.0,1.7474826175614855,0.8069819524728814
2024-08-15,0.0,22.31192101470605,148.72601852752942,1.2739814724705938,0.0,148.40752315941177,1.5924768405882421,0.0,147.92978010723527,2.070219892764715,0.0
2024-08-16,7.410584156537844,18.79601183947604,150.0,1.1614723788632333,4.975130305204033,150.0,1.4518404735790416,4.366266842370578,150.0,1.887392615652754,3.452971648120382
2024-08-17,0.0,16.270324752842058,148.91934960790906,1.0806503920909458,0.0,148.6491870098863,1.3508129901136823,0.0,148.2439431128522,1.756056887147787,0.0
2024-08-18,0.977965930656704,20.45075140207729,148.6828914936993,1.2144240448664734,0.0,148.1091228844599,1.5180300560830915,0.0,147.2484699706009,1.9734390729080191,0.0
2024-08-19,8.325606660164183,21.59876951089511,150.0,1.2511606243486435,5.757337529514814,150.0,1.5639507804358044,4.870778764188259,150.0,2.0331360145665456,3.5409406161985544
2024-08-20,0.0,19.618612806844347,148.812204390181,1.187795609819019,0.0,148.51525548772622,1.4847445122737737,0.0,148.0698321340441,1.9301678659559058,0.0
2024-08-21,0.0,18.79589830437366,147.65073564444103,1.1614687457399573,0.0,147.06341955555126,1.4518359321749466,0.0,146.1824454222167,1.8873867118274306,0.0
2024-08-22,0.0,19.240342470792772,146.47504468537565,1.1756909590653688,0.0,145.59380585671954,1.469613698831711,0.0,144.27194761373548,1.9104978084812243,0.0
2024-08-23,0.0,18.664022318703385,145.31779597117713,1.1572487141985082,0.0,144.14724496397142,1.4465608927481353,0.0,142.3914184531629,1.8805291605725758,0.0
2024-08-24,0.0,16.55390917581521,144.22807087755103,1.0897250936260867,0.0,142.7850885969388,1.3621563670326085,0.0,140.62061517602052,1.770803277142391,0.0
2024-08-25,10.038098853132947,17.664198234175352,150.0,1.125254343493611,3.140915387190347,150.0,1.406567929367014,1.416619520704728,148.83017572097634,1.828538308177118,0.0
2024-08-26,0.0,19.978462576592296,148.80068919754905,1.1993108024509536,0.0,148.5008614969363,1.499138503063692,0.0,146.88129566699354,1.9488800539827995,0.0
2024-08-27,0.0,19.42043673479265,147.61923522203568,1.1814539755133648,0.0,147.0240440275446,1.476817469391706,0.0,144.9614329567843,1.9198627102092178,0.0
2024-08-28,0.0,18.953256919231315,146.45273100062028,1.166504221415402,0.0,145.56591375077534,1.4581302767692526,0.0,143.0658635969843,1.8955693598000283,0.0
2024-08-29,1.863767454000735,16.465826163000578,147.229592017405,1.0869064372160187,0.0,146.07104815825605,1.3586330465200231,0.0,143.163408090509,1.7662229604760302,0.0
2024-08-30,0.0,17.931078497973967,146.09579750546982,1.133794511935167,0.0,144.6538050183371,1.4172431399189587,0.0,141.32099200861435,1.8424160818946462,0.0
2024-08-31,4.336674363723672,13.77694031647256,149.43160977906635,1.000862090127122,0.0,147.73940176940187,1.2510776126589023,0.0,144.03126547588144,1.626400896456573,0.0
2024-09-01,22.19507568508913,18.32408152050569,150.0,1.1463706086561822,20.4803148554993,150.0,1.4329632608202276,18.501514193670772,150.0,1.862852239066296,14.363488921904292
2024-09-02,13.150638163216897,20.66002216761929,150.0,1.2211207093638174,11.929517453853094,150.0,1.5264008867047716,11.624237276512133,150.0,1.9843211527162032,11.166317010500705
2024-09-03,0.0,14.688390663195856,148.96997149877774,1.0300285012222674,0.0,148.71246437347216,1.2875356265278342,0.0,148.3262036855138,1.6737963144861845,0.0
2024-09-04,0.0,16.298366458173845,147.88842377211617,1.0815477266615632,0.0,147.36052971514522,1.3519346583269538,0.0,146.56868862968875,1.75751505582504,0.0
2024-09-05,0.0,17.96127025972638,146.75366312380493,1.1347606483112442,0.0,145.94207890475616,1.4184508103890552,0.0,144.72470257618298,1.8439860535057717,0.0
2024-09-06,0.0,19.64089442325293,145.56515450226084,1.1885086215440939,0.0,144.45644312782605,1.4856357769301172,0.0,142.79337606617383,1.9313265100091523,0.0
2024-09-07,0.0,16.070279665335466,144.4909055529701,1.074248949290735,0.0,143.11363194121262,1.3428111866134187,0.0,141.0477215235764,1.7456545425974443,0.0
2024-09-08,12.542529525408908,15.413165198723831,150.0,1.0532212863591626,5.980213792019839,150.0,1.3165266079489533,4.339634858672554,150.0,1.7114845903336393,1.8787664586516541
2024-09-09,20.17612228723493,12.690223844553008,150.0,0.9660871630256964,19.21003512420924,150.0,1.2076089537821204,18.96851333345282,150.0,1.5698916399167566,18.60623064731817
2024-09-10,0.0,16.664868227814964,148.90672421670993,1.0932757832900788,0.0,148.6334052708874,1.3665947291125984,0.0,148.2234268521536,1.776573147846378,0.0
2024-09-11,3.442060313091305,20.3716338548133,150.0,1.2118922833540258,1.1368922464472178,150.0,1.514865354192532,0.5606002297861892,149.69616220479463,1.9693249604502918,0.0
2024-09-12,0.0,16.671306995146303,148.90651817615532,1.0934818238446817,0.0,148.63314772019416,1.366852279805852,0.0,147.919254241047,1.7769079637476077,0.0
2024-09-13,0.0,15.900809539804564,147.83769227088158,1.068825905273746,0.0,147.29711533860197,1.3360323815921826,0.0,146.18241214497718,1.7368420960698374,0.0
2024-09-14,0.0,16.418029413868602,146.75231532963778,1.0853769412437952,0.0,145.94039416204723,1.356721176554744,0.0,144.418674615456,1.7637375295211672,0.0
2024-09-15,0.0,15.579948765760726,145.69375696913343,1.0585583605043432,0.0,144.6171962114168,1.323197950630429,0.0,142.69851727963646,1.7201573358195577,0.0
2024-09-16,0.0,13.804193585525043,144.69202277439663,1.0017341947368015,0.0,143.36502846799578,1.2521677434210017,0.0,141.07069921318916,1.6278180664473023,0.0
2024-09-17,0.0,16.90474423362674,143.59107095892057,1.1009518154760556,0.0,141.9888386986507,1.3761897693450695,0.0,139.28165251304057,1.7890467001485904,0.0
2024-09-18,0.0,15.537593015110396,142.53386798243704,1.0572029764835327,0.0,140.66733497804628,1.3215037206044158,0.0,137.56369767625483,1.7179548367857407,0.0
2024-09-19,0.0,14.949156534980434,141.49549497331768,1.038373009119374,0.0,139.36936871664707,1.2979662613992173,0.0,135.87634153643586,1.6873561398189827,0.0
2024-09-20,1.871081380980455,12.791083543172176,142.3972616809166,0.9693146733815097,0.0,140.02880675590063,1.211643341726887,0.0,136.17228657317136,1.5751363442449533,0.0
2024-09-21,0.0,17.176793533824213,141.28760428783423,1.1096573930823748,0.0,138.64173501454766,1.3870717413529685,0.0,134.3690933094125,1.803193263758859,0.0
2024-09-22,0.0,15.727272717008292,140.22433156088996,1.0632727269442654,0.0,137.31264410586732,1.3290909086803318,0.0,132.6412751281281,1.7278181812844313,0.0
2024-09-23,18.137393126683172,13.120293532930765,150.0,0.9798493930537845,7.381875294519347,150.0,1.2248117413172306,4.22522549123326,149.18641299109888,1.5922552637124,0.0
2024-09-24,0.0,16.05828220919188,148.92613496930585,1.0738650306941402,0.0,148.6576687116323,1.3423312883676752,0.0,147.4413823162209,1.7450306748779778,0.0
2024-09-25,0.0,12.888268252012642,147.95371038524144,0.9724245840644046,0.0,147.4421379815518,1.2155307300805056,0.0,145.86119236711625,1.5801899491046574,0.0
2024-09-26,0.0,12.14851124045212,147.00495802554696,0.9487523596944678,0.0,146.25619753193374,1.1859404496180848,0.0,144.31946978261274,1.5417225845035103,0.0
2024-09-27,7.605766100930451,12.022601795840682,150.0,0.9447232574669018,3.666000869010503,150.0,1.1809040718336272,2.6810595610305654,150.0,1.5351752933837155,0.3900605901594929
2024-09-28,0.0,9.829792764438652,149.12544663153795,0.874553368462037,0.0,148.90680828942246,1.0931917105775462,0.0,148.5788507762492,1.42114922375081,0.0
2024-09-29,0.0,14.14541890358079,148.11279322662338,1.0126534049145854,0.0,147.64099153327922,1.2658167561432316,0.0,146.933288993263,1.6455617829862013,0.0
2024-09-30,3.339868245591232,9.370981345387538,150.0,0.8598714030524012,0.5927900691621915,149.90602052505494,1.0748392538155014,0.0,148.87586620889408,1.3972910299601518,0.0
2024-10-01,1.044690145931913,10.407903183070516,150.0,0.8930529018582565,0.15163724407366885,149.83439454366405,1.1163161273228206,0.0,148.46934538930634,1.4512109655196668,0.0
2024-10-02,0.0,8.545767279536815,149.16653544705483,0.8334645529451781,0.0,148.79256385248257,1.0418306911814725,0.0,147.11496549077043,1.3543798985359143,0.0
2024-10-03,9.644612989097553,12.35763880960886,150.0,0.9554444419074836,7.855703994244919,150.0,1.1943055523843544,7.24287128919579,150.0,1.5525972180996608,5.206981261768306
2024-10-04,0.0,12.062704152176185,149.05399346713037,0.9460065328696379,0.0,148.81749183391295,1.1825081660870473,0.0,148.46273938408683,1.5372606159131617,0.0
2024-10-05,0.0,11.544300821635112,148.12457584083805,0.9294176262923236,0.0,147.65571980104755,1.1617720328654044,0.0,146.9524357413618,1.5103036427250258,0.0
2024-10-06,6.812427925012588,9.947716417923946,150.0,0.8783269253735663,4.058676840477091,150.0,1.0979086567169578,3.3702390693431994,150.0,1.4272812537320452,2.337582412642348
2024-10-07,0.0,9.524462083768451,149.1352172133194,0.8647827866805905,0.0,148.91902151664925,1.080978483350738,0.0,148.59472797164403,1.4052720283559597,0.0
2024-10-08,0.0,12.634654904847846,148.17090825636427,0.9643089569551311,0.0,147.71363532045532,1.2053861961939139,0.0,147.02772591659195,1.567002055052088,0.0
2024-10-09,0.0,10.442773009875692,147.27673952004824,0.8941687363160222,0.0,146.59592440006028,1.1177109203950277,0.0,145.57470172007842,1.4530241965135362,0.0
2024-10-10,0.0,12.015579335774614,146.33224098130344,0.9444985387447876,0.0,145.4153012266293,1.1806231734309844,0.0,144.03989159461815,1.5348101254602797,0.0
2024-10-11,0.0,9.45242297571191,145.46976344608066,0.8624775352227811,0.0,144.33720430760084,1.0780969190284764,0.0,142.63836559988113,1.4015259947370193,0.0
2024-10-12,5.751231914091757,11.4262227189775,150.0,0.9256391270072801,0.2953562331651369,148.9313873129335,1.1570489087591,0.0,146.88543393258607,1.5041635813868302,0.0
2024-10-13,0.0,13.512996486475917,149.00758411243277,0.9924158875672294,0.0,147.69086745347448,1.2405198594590368,0.0,145.27275811528932,1.612675817296748,0.0
2024-10-14,0.0,11.922328201090028,148.0660696099979,0.9415145024348809,0.0,146.5139743254309,1.176893128043601,0.0,143.74279704883264,1.5299610664566814,0.0
2024-10-15,0.2611466493743118,9.769984520062089,147.45457675473023,0.8726395046419868,0.0,145.68432159400274,1.0907993808024834,0.0,142.58590450316373,1.4180391950432285,0.0
2024-10-16,0.0,10.955331005627263,146.54400616255015,0.9105705921800724,0.0,144.54610835377764,1.1382132402250904,0.0,141.10622729087112,1.4796772122926176,0.0
2024-10-17,0.0,9.807074574200934,145.67017977617573,0.87382638637443,0.0,143.4538253708096,1.0922829829680374,0.0,139.68625941301266,1.4199678778584486,0.0
2024-10-18,0.0,10.153033298302557,144.78528271063004,0.8848970655456818,0.0,142.34770403887748,1.1061213319321022,0.0,138.24830168150092,1.437957731511733,0.0
2024-10-19,26.112872420608483,9.336359761245236,150.0,0.8587635123598475,20.039391618878682,150.0,1.0734543904498093,17.387122069036167,150.0,1.395490707584752,12.96568339452466
2024-10-20,0.0,9.510705678070693,149.13565741830175,0.8643425816982622,0.0,148.91957177287716,1.0804282271228276,0.0,148.59544330474031,1.404556695259676,0.0
2024-10-21,0.0,10.11688622452902,148.2519170591168,0.8837403591849287,0.0,147.814896323896,1.1046754489811608,0.0,147.1593652210648,1.4360780836755092,0.0
2024-10-22,1.4384833074228125,7.560878215429592,148.88845226364586,0.8019481028937471,0.0,148.25094450270163,1.0024351286171838,0.0,147.29468286128528,1.3031656672023388,0.0
2024-10-23,6.311901817600837,7.372349721918281,150.0,0.795915191101385,4.404438890145315,150.0,0.9948939888767312,3.5679523314257438,150.0,1.2933621855397506,2.313222493346359
2024-10-24,5.3321429497820025,6.485192213294333,150.0,0.7675261508254186,4.564616798956564,150.0,0.9594076885317733,4.372735261250227,150.0,1.2472299950913053,4.0849129546906795
2024-10-25,0.0,5.921605268067847,149.25050863142184,0.7494913685781711,0.0,149.06313578927728,0.9368642107227139,0.0,148.78207652606048,1.2179234739395282,0.0
2024-10-26,0.0,6.549193983309815,148.48093442395592,0.7695742074659141,0.0,148.1011680299449,0.9619677593323925,0.0,147.53151843892837,1.2505580871321103,0.0
2024-10-27,0.0,9.16607901397498,147.62761989550873,0.8533145284471995,0.0,147.03452486938588,1.0666431605589992,0.0,146.14488233020168,1.386636108726699,0.0
2024-10-28,0.0,6.926796823057888,146.84596239717087,0.7816574983378525,0.0,146.05745299646355,0.9770718729223156,0.0,144.87468889540267,1.2701934347990103,0.0
2024-10-29,0.0,9.606681796096556,145.97854857969577,0.8674138174750898,0.0,144.9731857246197,1.0842672718438622,0.0,143.46514144200566,1.409547453397021,0.0
2024-10-30,0.0,8.517863925414273,145.1459769340825,0.8325716456132568,0.0,143.93247116760313,1.040714557016571,0.0,142.11221251788413,1.3529289241215423,0.0
2024-10-31,0.0,4.382352930988561,144.4457416402909,0.700235293791634,0.0,143.05717705036358,0.8752941172395424,0.0,140.97433016547274,1.1378823524114052,0.0
2024-11-01,13.473827714223832,9.50221707367322,150.0,0.864070946357543,7.055498408157177,150.0,1.0800886829469287,5.450916081640486,150.0,1.4041152878310075,3.044042591865548
2024-11-02,1.0631034245097055,9.688785022313647,150.0,0.8700411207140366,0.1930623037956707,149.97555202361715,1.0875514008925458,0.0,149.6492866033494,1.4138168211603095,0.0
2024-11-03,12.183195669701773,5.956438549258519,150.0,0.7506060335762726,11.432589636125499,150.0,0.9382575419703407,11.2204901513486,150.0,1.219734804561443,10.612747468489715
2024-11-04,0.0,8.663613949030367,149.16276435363102,0.8372356463689719,0.0,148.95345544203877,1.0465445579612147,0.0,148.63949207465043,1.360507925349579,0.0
2024-11-05,0.0,5.991427984316726,148.4110386581329,0.7517256954981353,0.0,148.0137983226661,0.939657119372669,0.0,147.41793781946598,1.2215542551844698,0.0
2024-11-06,0.0,7.7831206450107135,147.60197879749256,0.809059860640343,0.0,147.0024734968657,1.0113248258004286,0.0,146.10321554592542,1.3147222735405573,0.0
2024-11-07,0.0,4.944334910769985,146.8837600803479,0.7182187171446395,0.0,146.10470010043488,0.8977733964307993,0.0,144.9361101305654,1.167105415360039,0.0
2024-11-08,0.0,3.7749009670254177,146.2029632494031,0.6807968309448134,0.0,145.25370406175387,0.8509960386810167,0.0,143.8298152802801,1.1062948502853218,0.0
2024-11-09,0.0,6.485525207103657,145.4354264427758,0.767536806627317,0.0,144.2942830534697,0.9594210082841462,0.0,142.5825679695107,1.2472473107693902,0.0
2024-11-10,0.0,6.896043556663184,144.65475304896256,0.7806733938132219,0.0,143.31844131120317,0.9758417422665273,0.0,141.31397370456423,1.2685942649464856,0.0
2024-11-11,9.686620953242214,6.242811974944639,150.0,0.7597699831982285,3.581604019006562,150.0,0.9497124789977855,2.0553497854476177,149.76596843510933,1.2346262226971212,0.0
2024-11-12,4.114393085641163,4.567139420345434,150.0,0.7061484614510539,3.408244624190104,150.0,0.8826855768138173,3.231707508827327,150.0,1.1474912498579626,2.7328702708925334
2024-11-13,0.0,6.034821361278569,149.2468857164391,0.7531142835609143,0.0,149.05860714554885,0.9413928544511427,0.0,148.7761892892135,1.2238107107864855,0.0
2024-11-14,11.828503262066572,7.275047517922374,150.0,0.7928015205735159,10.282587457932152,150.0,0.9910019007168949,9.896108506898514,150.0,1.2883024709319633,9.3163900803481
2024-11-15,0.0,6.550959145568561,149.23036930734182,0.7696306926581941,0.0,149.03796163417726,0.9620383658227425,0.0,148.74935012443044,1.2506498755695652,0.0
2024-11-16,0.0,6.912511487667793,148.44916893973644,0.7812003676053694,0.0,148.06146117467054,0.9765004595067117,0.0,147.47989952707172,1.2694505973587253,0.0
2024-11-17,8.31229758272837,5.116547901593266,150.0,0.7237295328509845,6.037736989613819,150.0,0.9046619160637306,5.469096841335187,150.0,1.1760604908828498,4.616136618917238
2024-11-18,30.815674782648323,8.712014548933205,150.0,0.8387844655658626,29.97689031708248,150.0,1.0484805819573282,29.767194200690994,150.0,1.3630247565445266,29.45265002610381
2024-11-19,0.0,3.930590139797222,149.3142211155265,0.6857788844735111,0.0,149.14277639440812,0.8572236055918888,0.0,148.88560931273054,1.1143906872694556,0.0
2024-11-20,0.0,7.174998554438081,148.52462116178447,0.7895999537420186,0.0,148.15577645223058,0.9869999421775232,0.0,147.60250938789974,1.2830999248307802,0.0
2024-11-21,0.0,8.483208959624994,147.69315847507647,0.8314626867079998,0.0,147.11644809384558,1.0393283583849997,0.0,146.25138252199923,1.3511268659004996,0.0
2024-11-22,0.0,7.003423278148703,146.90904893017571,0.7841095449007585,0.0,146.13631116271964,0.980136931125948,0.0,144.9772045115355,1.2741780104637324,0.0
2024-11-23,6.806635679203404,5.561393522623498,150.0,0.737964592723952,2.977720016655155,150.0,0.9224557409049399,2.020491101018081,150.0,1.199192463176422,0.5846477275624693
2024-11-24,2.859640995709031,4.837359605731879,150.0,0.7147955073834201,2.1448454883256147,150.0,0.8934943842292751,1.9661466114797577,150.0,1.1615426994980576,1.6980982962109863
2024-11-25,0.0,7.896339041498578,149.18731715067204,0.8126828493279545,0.0,148.98414643834005,1.0158535616599431,0.0,148.67939036984208,1.3206096301579262,0.0
2024-11-26,0.0,2.9111429275457192,148.5341605769906,0.653156573681463,0.0,148.16770072123822,0.8164457171018287,0.0,147.6180109376097,1.0613794322323773,0.0
2024-11-27,12.284496058269912,3.752512168860919,150.0,0.6800803894035494,10.138576245856967,150.0,0.8501004867544367,9.602096292753714,150.0,1.1051306327807677,8.797376363098863
2024-11-28,0.0,4.836071006062243,149.285245727806,0.7147542721939918,0.0,149.1065571597575,0.8934428402424897,0.0,148.83852430768476,1.1614756923152365,0.0
2024-11-29,0.0,8.04769608111979,148.46771945321018,0.8175262745958332,0.0,148.0846493165127,1.0219078432447914,0.0,147.51004411146653,1.3284801962182289,0.0
2024-11-30,0.0,6.275919471960076,147.70689003010744,0.7608294231027224,0.0,147.1336125376343,0.951036778878403,0.0,146.2736962989246,1.2363478125419238,0.0
2024-12-01,0.0,3.5270985166750544,147.03402287757385,0.6728671525336017,0.0,146.2925285969673,0.8410839406670021,0.0,145.18028717605748,1.0934091228671028,0.0
2024-12-02,0.0,4.792206419357229,146.3206722721544,0.7133506054194313,0.0,145.40084034019299,0.8916882567742891,0.0,144.0210924422509,1.1591947338065758,0.0
2024-12-03,0.0,4.136648226165924,145.6282995289171,0.6923727432373096,0.0,144.53537441114634,0.8654659290466369,0.0,142.89598673449026,1.125105707760628,0.0
2024-12-04,0.0,3.901044185292289,144.94346611498776,0.6848334139293533,0.0,143.67933264373465,0.8560417674116916,0.0,141.78313243685506,1.1128542976351992,0.0
2024-12-05,6.02099216477032,7.236597150822947,150.0,0.7915711088263344,0.17288717093174455,148.71086092247205,0.9894638860329179,0.0,146.51782154978258,1.2863030518427934,0.0
2024-12-06,8.161310250832443,2.496408235149306,150.0,0.6398850635247778,7.5214251873076705,150.0,0.7998563294059722,6.072314843898511,150.0,1.039813228227764,3.639318572387282
2024-12-07,0.0,8.421424795013847,149.17051440655956,0.8294855934404431,0.0,148.96314300819944,1.036856991800554,0.0,148.65208591065928,1.3479140893407202,0.0
2024-12-08,0.0,6.827193860569423,148.39204420302133,0.7784702035382216,0.0,147.99005525377666,0.973087754422777,0.0,147.38707182990967,1.26501408074961,0.0
2024-12-09,0.0,7.322241841569093,147.5977324640911,0.794311738930211,0.0,146.9971655801139,0.9928896736627637,0.0,146.09631525414807,1.2907565757615929,0.0
2024-12-10,0.0,4.18734507362608,146.9037374217351,0.6939950423560346,0.0,146.12967177716885,0.8674938029450432,0.0,144.9685733103195,1.127741943828556,0.0
2024-12-11,0.0,4.788977921907235,146.19049012823405,0.7132472935010314,0.0,145.23811266029256,0.8915591168762893,0.0,143.8095464583803,1.1590268519391762,0.0
2024-12-12,1.891453346317065,2.201127878276433,147.45150738244627,0.6304360921048459,0.0,146.34152089147855,0.7880451151310572,0.0,144.676541155027,1.0244586496703745,0.0
2024-12-13,0.0,3.99962207485942,146.76351947605076,0.6879879063955014,0.0,145.48153600848417,0.8599848829943768,0.0,143.5585608071343,1.11798034789269,0.0
2024-12-14,0.0,6.020720677744602,146.01085641436293,0.7526630616878273,0.0,144.5407071813744,0.940828827109784,0.0,142.3354833318916,1.2230774752427191,0.0
2024-12-15,0.0,7.612954514908871,145.20724186988585,0.8036145444770839,0.0,143.53618900077802,1.0045181805963548,0.0,141.02960969711634,1.3058736347752613,0.0
2024-12-16,13.643040673658438,2.7968892105447614,150.0,0.6495004547374323,8.200782088806875,150.0,0.8118755684217904,6.367354106014687,150.0,1.0554382389483277,3.6172121318264487
2024-12-17,0.0,4.273525319155896,149.30324718978702,0.6967528102129887,0.0,149.12905898723378,0.8709410127662358,0.0,148.8677766834039,1.1322233165961066,0.0
2024-12-18,0.0,4.698234972987577,148.59290367065142,0.7103435191356025,0.0,148.24112958831427,0.8879293989195031,0.0,147.71346846480853,1.154308218595354,0.0
2024-12-19,0.0,2.208514198253128,147.96223121630732,0.6306724543441001,0.0,147.45278902038413,0.7883405679301251,0.0,146.68862572649937,1.0248427383091627,0.0
2024-12-20,0.0,6.185013463717892,147.20431078546835,0.7579204308389725,0.0,146.5053884818354,0.9474005385487156,0.0,145.45700502638604,1.2316207001133304,0.0
2024-12-21,0.0,3.559519224117947,146.53040617029657,0.6739046151717742,0.0,145.6630077128707,0.8423807689647178,0.0,144.36191002673192,1.0950949996541333,0.0
2024-12-22,0.0,4.62486508609031,145.82241048754167,0.7079956827548899,0.0,144.7780131094271,0.8849946034436124,0.0,143.21141704225522,1.150492984476696,0.0
2024-12-23,0.0,4.122851525094689,145.13047923873864,0.69193124880303,0.0,143.9130990484233,0.8649140610037875,0.0,142.0870287629503,1.1243882793049238,0.0
2024-12-24,0.0,3.46213302708886,144.4596909818718,0.6707882568668435,0.0,143.07461372733974,0.8384853210835543,0.0,140.99699784554167,1.0900309174086207,0.0
2024-12-25,5.10334055203096,5.043730960099371,148.8416321431796,0.7213993907231799,0.0,147.27620504096674,0.9017492384039748,0.0,144.92806438764748,1.1722740099251674,0.0
2024-12-26,0.0,4.646558748684631,148.13294226322168,0.7086898799579082,0.0,146.39034269101936,0.8858623499473852,0.0,143.77644333271587,1.1516210549316008,0.0
2024-12-27,0.0,4.356959284569138,147.43351956611548,0.6994226971062125,0.0,145.5160643196366,0.8742783713827655,0.0,142.63988144991828,1.1365618827975952,0.0
2024-12-28,0.0,3.6695823326994503,146.75609293146908,0.6774266346463824,0.0,144.66928102632863,0.846783293307978,0.0,141.5390631686179,1.1008182813003713,0.0
2024-12-29,0.0,5.794311174044988,146.01067497389965,0.7454179575694396,0.0,143.73750857936685,0.9317724469617995,0.0,140.32775898756756,1.2113041810503393,0.0
2024-12-30,0.0,8.494169834268476,145.17886153920307,0.8318134346965913,0.0,142.6977417859961,1.039766793370739,0.0,138.9760621561856,1.3516968313819608,0.0
2024-12-31,0.0,5.501291050621688,144.44282022558318,0.736041313619894,0.0,141.77769014397123,0.9200516420248674,0.0,137.77999502155328,1.1960671346323277,0.0
2025-01-01,0.0,7.21375301476569,143.65198012911068,0.7908400964725021,0.0,140.7891400233806,0.9885501205906275,0.0,136.49487986478545,1.2851151567678158,0.0
2025-01-02,10.346393429341934,2.4785515979688704,150.0,0.6393136511350038,3.359059907317601,150.0,0.7991420639187548,0.3363913888037757,145.802388611033,1.0388846830943812,0.0
2025-01-03,0.0,5.614883660072468,149.26032372287767,0.739676277122319,0.0,149.0754046535971,0.9245953464028986,0.0,144.60041466070922,1.2019739503237683,0.0
2025-01-04,0.0,3.1478639855093182,148.59959207534138,0.6607316475362982,0.0,148.24949009417674,0.8259145594203727,0.0,143.52672573346274,1.0736889272464847,0.0
2025-01-05,36.5516622784641,2.4348523062131893,150.0,0.6379152737988221,34.51333908000666,150.0,0.7973940922485275,34.003758280392304,150.0,1.036612319923086,29.041775692003768
2025-01-06,0.0,3.958908919162872,149.31331491458678,0.6866850854132119,0.0,149.1416436432335,0.8583563567665149,0.0,148.88413673620354,1.1158632637964694,0.0
2025-01-07,0.0,7.873233505875611,148.50137144239878,0.8119434721880195,0.0,148.12671430299847,1.0149293402350243,0.0,147.56472859389802,1.3194081423055317,0.0
2025-01-08,0.0,7.444067783067865,147.7031612733406,0.7982101690581717,0.0,147.12895159167576,0.9977627113227145,0.0,146.2676370691785,1.297091524719529,0.0
2025-01-09,0.0,6.087448864689846,146.94836290967055,0.754798363670075,0.0,146.18545363708816,0.9434979545875938,0.0,145.04108972821464,1.2265473409638719,0.0
2025-01-10,0.0,2.5962265919908867,146.30528365872684,0.6430792509437083,0.0,145.38160457340854,0.8038490636796354,0.0,143.9960859454311,1.0450037827835261,0.0
2025-01-11,0.0,5.33202186143216,145.574658959161,0.7306246995658291,0.0,144.46832369895125,0.9132808744572863,0.0,142.80882080863663,1.1872651367944722,0.0
2025-01-12,0.0,6.393687140637125,144.81006097066063,0.764597988500388,0.0,143.51257621332576,0.955747485625485,0.0,141.5663490773235,1.2424717313131304,0.0
2025-01-13,0.0,6.20979257730386,144.05134760818692,0.7587133624737236,0.0,142.56418451023362,0.9483917030921544,0.0,140.3334398633037,1.2329092140198008,0.0
2025-01-14,0.0,2.242274705012149,143.41959481762652,0.6317527905603888,0.0,141.77449352203314,0.7896909882004859,0.0,139.3068415786431,1.0265982846606316,0.0
2025-01-15,0.0,4.223055607437823,142.72445703818852,0.6951377794380104,0.0,140.90557129773563,0.8689222242975129,0.0,138.17724268705632,1.1295988915867667,0.0
2025-01-16,0.0,5.952031007107082,141.9739920459611,0.7504649922274267,0.0,139.96749005745136,0.9380812402842833,0.0,136.95773707468675,1.2195056123695682,0.0
2025-01-17,0.0,7.231906719600744,141.18257103093387,0.7914210150272238,0.0,138.97821378866732,0.9892762687840297,0.0,135.67167792526752,1.2860591494192386,0.0
2025-01-18,0.0,1.848827306357678,140.56340855713043,0.6191624738034457,0.0,138.204260696413,0.7739530922543071,0.0,134.66553890533692,1.0061390199305993,0.0
2025-01-19,0.0,6.001188501744314,139.8113705250746,0.7520380320558181,0.0,137.26421315634323,0.9400475400697725,0.0,133.4434771032462,1.2220618020907044,0.0
2025-01-20,0.0,6.698457956999875,139.03701987045062,0.774350654623996,0.0,136.29627483806323,0.967938318279995,0.0,132.18515728948222,1.2583198137639935,0.0
2025-01-21,6.437704705386302,8.201053061757149,144.65229087786068,0.8224336979762289,0.0,141.70593742097924,1.028042122470286,0.0,137.28640723565715,1.3364547592113718,0.0
2025-01-22,0.0,7.979531112130091,143.83694588227252,0.8153449955881629,0.0,140.68675617649404,1.0191812444852035,0.0,135.9614716178264,1.3249356178307647,0.0
2025-01-23,15.184578898330056,7.853436373959533,150.0,0.8113099639667051,8.210214816635869,150.0,1.0141374549583813,4.857197619865701,149.82767182471054,1.3183786914458957,0.0
2025-01-24,0.0,5.18535345357199,149.2740686894857,0.7259313105143037,0.0,149.09258586185712,0.9074141381428795,0.0,148.64803344512478,1.1796383795857435,0.0
2025-01-25,0.0,3.068605135679774,148.61587332514392,0.6581953643417529,0.0,148.26984165642992,0.822744205427191,0.0,147.57846597806943,1.0695674670553483,0.0
2025-01-26,0.0,6.200283604130432,147.85746424981176,0.7584090753321738,0.0,147.3218303122647,0.9480113441652173,0.0,146.34605123065464,1.2324147474147824,0.0
2025-01-27,0.0,9.093807082849349,147.00646242316057,0.8510018266511792,0.0,146.25807802895073,1.0637522833139739,0.0,144.96317326234646,1.382877968308166,0.0
2025-01-28,0.0,9.98395054434111,146.12697600574165,0.8794864174189154,0.0,145.1587200071771,1.0993580217736443,0.0,143.53400783404072,1.4291654283057376,0.0
2025-01-29,0.0,8.726949935756194,145.28771360779746,0.8392623979441982,0.0,144.10964200974684,1.0490779974302478,0.0,142.1702064373814,1.363801396659322,0.0
2025-01-30,0.0,8.275623560817845,144.4628936538513,0.8248199539461711,0.0,143.07861706731413,1.0310249424327138,0.0,140.82987401221888,1.340332425162528,0.0
2025-01-31,0.0,8.28955841980638,143.6376277844175,0.8252658694338042,0.0,142.04703473052186,1.0315823367922552,0.0,139.48881697438895,1.3410570378299318,0.0
2025-02-01,0.0,6.533592276838585,142.86855283155867,0.7690749528588348,0.0,141.0856910394483,0.9613436910735433,0.0,138.23907017599333,1.2497467983956063,0.0
2025-02-02,6.87165851939277,7.503439029933636,148.94010130199356,0.8001100489578765,0.0,146.95721199764375,1.0001375611973455,0.0,143.81054986582956,1.3001788295565493,0.0
2025-02-03,0.0,11.221572828834915,148.02101097147084,0.9190903305227173,0.0,145.80834908449035,1.1488629131533965,0.0,142.31702807873015,1.4935217870994155,0.0
2025-02-04,0.0,6.120300717899777,147.26516134849805,0.7558496229727929,0.0,144.86353705577434,0.944812028715991,0.0,141.08877244139936,1.2282556373307885,0.0
2025-02-05,0.0,11.359029909183034,146.3416723914042,0.923488957093857,0.0,143.70917585940703,1.1543611963673213,0.0,139.58810288612185,1.5006695552775178,0.0
2025-02-06,0.0,7.611507502686428,145.53810415131824,0.8035682400859656,0.0,142.70471555929956,1.004460300107457,0.0,138.28230449598215,1.3057983901396941,0.0
2025-02-07,0.0,11.034518035767372,144.62499957417367,0.9131045771445558,0.0,141.56333483786887,1.1413807214306948,0.0,136.79850955812225,1.4837949378599034,0.0
2025-02-08,0.0,5.70007437065511,143.8825971943127,0.7424023798609636,0.0,140.63533186304267,0.9280029748262044,0.0,135.59210569084817,1.2064038672740658,0.0
2025-02-09,0.0,9.817485393427525,143.008437661723,0.8741595325896807,0.0,139.54263244730558,1.0926994157371008,0.0,134.17159645038993,1.4205092404582311,0.0
2025-02-10,0.0,7.30599224369608,142.21464590992474,0.7937917517982745,0.0,138.55039275755774,0.9922396897478432,0.0,132.88168485371773,1.2899115966721961,0.0
2025-02-11,4.1750508349720965,6.084696915000363,145.63498644361684,0.7547103012800116,0.0,141.78205571592983,0.9433878766000144,0.0,135.83033144910982,1.2264042395800188,0.0
2025-02-12,0.0,9.489801215214255,144.77131280472997,0.8636736388868562,0.0,140.70246366732127,1.0795920486085702,0.0,134.42686178591867,1.4034696631911412,0.0
2025-02-13,0.0,11.210940842653928,143.85256269776505,0.9187501069649257,0.0,139.55402603361512,1.148437633706157,0.0,132.93389286210066,1.4929689238180042,0.0
2025-02-14,0.0,7.643099559901831,143.0479835118482,0.8045791859168585,0.0,138.54830205121905,1.005723982396073,0.0,131.62645168498577,1.307441177114895,0.0
2025-02-15,0.0,6.477614947407001,142.28069983353117,0.767283678317024,0.0,137.58919745332278,0.95910459789628,0.0,130.3796157077206,1.246835977265164,0.0
2025-02-16,0.0,9.436258755947092,141.41873955334086,0.8619602801903069,0.0,136.5117471030849,1.0774503502378836,0.0,128.97893025241135,1.4006854553092487,0.0
2025-02-17,0.0,9.590973268790137,140.55182840873957,0.8669111446012844,0.0,135.42810817233328,1.0836389307516054,0.0,127.57019964243426,1.408730609977087,0.0
2025-02-18,0.0,11.009929816587952,139.63951065460876,0.9123177541308145,0.0,134.28771097966975,1.1403971926635181,0.0,126.08768329197169,1.4825163504625736,0.0
2025-02-19,0.0,11.961433641129206,138.6967447780926,0.9427658765161345,0.0,133.10925363402458,1.1784573456451681,0.0,124.55568874263297,1.5319945493387186,0.0
2025-02-20,0.0,10.093831236297126,137.8137421785311,0.883002599561508,0.0,132.00550038457268,1.103753249451885,0.0,123.12080951834551,1.4348792242874504,0.0
2025-02-21,0.0,14.07550392056002,136.8033260530732,1.0104161254579207,0.0,130.7424802277503,1.2630201568224009,0.0,121.47888331447639,1.6419262038691211,0.0
2025-02-22,22.784196924233424,10.966176071666478,150.0,0.9109176342933273,8.676605343013279,150.0,1.138647042866659,2.3880301091170395,142.78283908298317,1.4802411557266568,0.0
2025-02-23,0.0,9.979391062481888,149.1206594860006,0.8793405139994204,0.0,148.90082435750074,1.0991756424992754,0.0,141.35391074773412,1.428928335249058,0.0
2025-02-24,0.6223866169338371,7.604929255671176,148.93968836675293,0.8033577361814777,0.0,148.5190138042077,1.004197170226847,0.0,140.67084104337303,1.3054563212949013,0.0
2025-02-25,0.0,10.459801067307934,148.0449747325991,0.8947136341538539,0.0,147.4006217615154,1.1183920426923173,0.0,139.21693138787302,1.4539096555000126,0.0
2025-02-26,0.0,10.470592046741658,147.14991578710337,0.895058945495733,0.0,146.28179807964574,1.1188236818696662,0.0,137.76246060144246,1.4544707864305662,0.0
2025-02-27,0.0,13.22336416365621,146.16676813386636,0.9831476532369987,0.0,145.05286351309948,1.2289345665462483,0.0,136.16484566493233,1.5976149365101229,0.0
2025-02-28,0.0,12.388206026369993,145.21034554102252,0.9564225928438397,0.0,143.85733527204468,1.1955282410547996,0.0,134.61065895156108,1.5541867133712395,0.0
2025-03-01,18.39834841451881,9.266032760793632,150.0,0.8565130483453962,12.752180907195935,150.0,1.0706413104317452,11.185042376131747,150.0,1.3918337035612687,1.61717366251861
2025-03-02,0.0,12.13181215589843,149.05178201101126,0.9482179889887498,0.0,148.81472751376407,1.1852724862359372,0.0,148.4591457678933,1.5408542321067185,0.0
2025-03-03,0.0,13.293850096895214,148.0663788079106,0.9854032031006469,0.0,147.58297350988826,1.2317540038758086,0.0,146.85786556285473,1.6012802050385513,0.0
2025-03-04,0.4919777340260592,15.171238389969576,147.51287691345763,1.0454796284790264,0.0,146.76810170831553,1.306849535598783,0.0,145.65093890060237,1.698904396278418,0.0
2025-03-05,0.0,14.055426359487065,146.50310326995404,1.009773643503586,0.0,145.50588465393605,1.2622170543794824,0.0,144.01005672990905,1.6408821706933272,0.0
2025-03-06,0.0,13.968160357461086,145.4961221385153,1.0069811314387547,0.0,144.2471582396376,1.2587264142984433,0.0,142.37371239132108,1.6363443385879763,0.0
2025-03-07,0.0,12.733444329170826,144.52865191998183,0.9674702185334664,0.0,143.03782046647078,1.2093377731668329,0.0,140.8015732862042,1.5721391051168827,0.0
2025-03-08,0.0,13.557408880805244,143.53481483579606,0.9938370841857678,0.0,141.79552411123856,1.2422963552322097,0.0,139.1865880244023,1.6149852618018727,0.0
2025-03-09,0.0,15.447964802726124,142.48047996210883,1.054334873687236,0.0,140.47760551912953,1.317918592109045,0.0,137.47329385466054,1.7132941697417585,0.0
2025-03-10,0.0,10.452178106608258,141.58601026269736,0.8944696994114643,0.0,139.3595183948652,1.1180871242643302,0.0,136.0197805931169,1.4535132615436293,0.0
2025-03-11,0.0,12.588189903751312,140.6231881857773,0.962822076920042,0.0,138.15599079871515,1.2035275961500524,0.0,134.45519471812185,1.5645858749950683,0.0
2025-03-12,0.0,11.911774295844706,139.68201140831027,0.9411767774670307,0.0,136.97951982688136,1.1764709718337882,0.0,132.9257824547379,1.5294122633839247,0.0
2025-03-13,0.0,14.3855185163196,138.66167481578805,1.0203365925222272,0.0,135.70409908622858,1.275420740652784,0.0,131.26773549188928,1.6580469628486192,0.0
2025-03-14,0.0,16.258363902308048,137.5814071709142,1.0802676448738575,0.0,134.35376453013626,1.350334556092322,0.0,129.51230056896927,1.7554349229200186,0.0
2025-03-15,0.0,12.775034452083505,136.61260606844752,0.9688011024666722,0.0,133.1427631520529,1.2110013780833402,0.0,127.93799877746092,1.5743017915083424,0.0
2025-03-16,16.945208256436768,9.359743277686658,150.0,0.859511784885973,2.698302539998309,149.0135816773822,1.0743897311074662,0.0,143.48650038345798,1.396706650439706,0.0
2025-03-17,8.27505943923953,13.48753424192786,150.0,0.9916010957416916,7.283458343497841,150.0,1.2395013696771144,6.049139746944604,150.0,1.6113517805802489,0.15020804211727068
2025-03-18,0.0,16.310750791802278,148.91805597466234,1.081944025337673,0.0,148.6475699683279,1.3524300316720912,0.0,148.2418409588263,1.7581590411737187,0.0
2025-03-19,2.869030335936785,15.7310436896723,150.0,1.0633933980695136,0.7236929125296285,150.0,1.329241747586892,0.18735855667779333,149.38285702290014,1.7280142718629596,0.0
2025-03-20,0.0,15.684238934062805,148.93810435410998,1.0618956458900097,0.0,148.67263044263748,1.3273695573625122,0.0,147.65727659832888,1.7255804245712658,0.0
2025-03-21,0.0,14.44001339625104,147.91602392542995,1.0220804286800333,0.0,147.39502990678744,1.2776005358500415,0.0,145.99639590172382,1.660880696605054,0.0
2025-03-22,5.459516932355488,12.614072089118777,150.0,0.9636503068518009,2.4118905509336344,150.0,1.204562883564751,1.6499839555781648,149.88998108544513,1.5659317486341764,0.0
2025-03-23,0.0,16.37480475947639,148.91600624769674,1.0839937523032446,0.0,148.64500780962095,1.3549921903790556,0.0,148.12849123795235,1.7614898474927723,0.0
2025-03-24,0.0,13.847633052163289,147.91288199002753,1.0031242576692252,0.0,147.39110248753443,1.2539053220865315,0.0,146.49841431923986,1.630076918712491,0.0
2025-03-25,0.0,20.056217734784116,146.71108302251443,1.2017989675130918,0.0,145.88885377814307,1.5022487093913646,0.0,144.5454909970311,1.952923322208774,0.0
2025-03-26,0.0,17.0006624040835,145.60706182558377,1.104021196930672,0.0,144.50882728197973,1.38002649616334,0.0,142.75145655201877,1.794034445012342,0.0
2025-03-27,0.0,14.869720369366446,144.57123077376406,1.0358310518197262,0.0,143.21403846720509,1.2947888147746578,0.0,141.06823109281171,1.6832254592070552,0.0
2025-03-28,0.0,14.979309954216273,143.53189285522913,1.0393379185349207,0.0,141.91486606903644,1.299172398168651,0.0,139.37930697519246,1.6889241176192462,0.0
2025-03-29,14.532500085538828,16.186899307905474,150.0,1.077980777852975,6.986412162914974,150.0,1.3474759723162189,5.099890182259031,150.0,1.7517187640110845,2.160088296720204
2025-03-30,0.0,16.06408436259931,148.9259493003968,1.074050699603178,0.0,148.65743662549602,1.3425633745039725,0.0,148.25466761314485,1.7453323868551642,0.0
2025-03-31,0.0,18.946598992874684,147.75965813262482,1.1662911677719898,0.0,147.19957266578103,1.4578639597149872,0.0,146.35944446551537,1.8952231476294834,0.0
2025-04-01,0.0,17.255099437920535,146.64749495061136,1.1121631820134572,0.0,145.80936868826421,1.3902039775168213,0.0,144.5521792947435,1.8072651707718679,0.0
2025-04-02,0.0,15.587781520869134,145.58868594194354,1.0588090086678121,0.0,144.48585742742944,1.3235112608347652,0.0,142.8316146556583,1.7205646390851947,0.0
2025-04-03,0.0,21.00009650035322,144.35668285393223,1.232003088011303,0.0,142.9458535674153,1.5400038600141288,0.0,140.82960963763995,2.0020050180183677,0.0
2025-04-04,0.0,17.485344323099945,143.23715183559304,1.1195310183391982,0.0,141.5464397944913,1.3994137729239977,0.0,139.01037173283876,1.819237904801197,0.0
2025-04-05,0.0,19.091212303099663,142.06623304189384,1.1709187936991892,0.0,140.08279130236733,1.4636484921239865,0.0,137.10762869307757,1.9027430397611824,0.0
2025-04-06,0.0,16.503128560451536,140.9781329279594,1.088100113934449,0.0,138.72266615994926,1.3601251424180614,0.0,135.3394660079341,1.7681626851434797,0.0
2025-04-07,0.0,18.611055584295137,139.82257914926194,1.1555537786974444,0.0,137.27822393657746,1.4444422233718055,0.0,133.46169111755077,1.877774890383347,0.0
2025-04-08,0.0,18.671432228849284,138.66509331793876,1.157485831323177,0.0,135.8313666474235,1.4468572891539713,0.0,131.5807766416506,1.8809144759001628,0.0
2025-04-09,0.0,14.433398032731338,137.64322458089134,1.0218687370474029,0.0,134.55403072611423,1.2773359213092534,0.0,129.92023994394856,1.6605366977020295,0.0
2025-04-10,0.0,22.405779216862413,136.36623964595174,1.2769849349395974,0.0,132.95779955743973,1.5962311686744965,0.0,127.84513942467171,2.0751005192768455,0.0
2025-04-11,0.0,21.11805014360881,135.13046204135625,1.2357776045954818,0.0,131.41307755169538,1.5447220057443523,0.0,125.83700081720406,2.008138607467658,0.0
2025-04-12,0.0,17.902854796614754,133.9975706878646,1.132891353491672,0.0,129.9969633598308,1.41611419186459,0.0,123.9960523677801,1.8409484494239672,0.0
2025-04-13,0.0,16.65209458152436,132.9047036612558,1.0928670266087797,0.0,128.63087957656984,1.3660837832609745,0.0,122.22014344954083,1.7759089182392669,0.0
2025-04-14,0.0,19.71000311966684,131.71398356142646,1.190720099829339,0.0,127.14247945178316,1.4884001247866736,0.0,120.28522328731815,1.9349201622226757,0.0
2025-04-15,0.0,19.34533142495196,130.534932955828,1.1790506055984629,0.0,125.66866619478508,1.4738132569980784,0.0,118.36926605322064,1.915957234097502,0.0
2025-04-16,0.0,20.03909382263077,129.3336819535038,1.2012510023241847,0.0,124.16710244187985,1.5015637529052308,0.0,116.41723317444384,1.9520328787768002,0.0
2025-04-17,34.078162798817274,19.865448209792287,150.0,1.195694342713353,12.216150409607735,150.0,1.4946179283916914,6.750647312305404,148.55239266635192,1.9430033069091988,0.0
2025-04-18,0.0,20.64798468764036,148.7792644899955,1.2207355100044914,0.0,148.4740806124944,1.5259193875056143,0.0,146.56869746259463,1.9836952037572986,0.0
2025-04-19,0.0,22.6819497999415,147.4934420963974,1.2858223935981279,0.0,146.86680262049674,1.6072779919976599,0.0,144.47923607299768,2.089461389596958,0.0
2025-04-20,0.0,21.07396191185706,146.25907531521796,1.2343667811794259,0.0,145.32384414402247,1.5429584764742823,0.0,142.4733900535811,2.005846019416567,0.0
2025-04-21,1.130272074353476,17.987398440701163,146.253750639469,1.1355967501024373,0.0,145.0346202807479,1.4194959376280465,0.0,141.75831740901813,1.8453447189164605,0.0
2025-04-22,0.0,22.959281779080406,144.95905362253842,1.294697016930573,0.0,143.41624900958467,1.618371271163216,0.0,139.65443475650596,2.103882652512181,0.0
2025-04-23,0.0,23.661280842359574,143.6418926355829,1.3171609869555063,0.0,141.76979777589028,1.6464512336943828,0.0,137.51404815270325,2.140386603802698,0.0
2025-04-24,3.0817072991070376,26.828466600700366,145.30508900346754,1.4185109312224118,0.0,143.0783664109693,1.7731386640280147,0.0,138.29067518857389,2.305080263236419,0.0
2025-04-25,1.6726292046409126,18.42002949643198,145.82827726422263,1.1494409438858235,0.0,143.31419443575294,1.4368011798572793,0.0,138.09546285940033,1.8678415338144632,0.0
2025-04-26,6.818584714401264,21.29376676083856,150.0,1.2414005363468341,1.4054614422770442,148.58102847972066,1.5517506704335424,0.0,142.89677170223797,2.0172758715636054,0.0
2025-04-27,0.0,16.78306946322966,148.90294177717666,1.097058222823349,0.0,147.20970570119147,1.3713227785291862,0.0,141.11405209015004,1.782719612087942,0.0
2025-04-28,0.0,22.19106701390968,147.63282763273156,1.2701141444451098,0.0,145.62206302063507,1.5876426805563872,0.0,139.05011660542672,2.0639354847233036,0.0
2025-04-29,0.0,20.12406688807513,146.42885749231317,1.2039701404184042,0.0,144.11710034511205,1.5049626755230052,0.0,137.09366512724682,1.956451478179907,0.0
2025-04-30,17.305076115498963,25.20121459855168,150.0,1.3664388671536538,12.367494740658486,150.0,1.7080485839420672,9.714127876668954,150.0,2.2204631591246873,2.178278083621109
2025-05-01,0.0,19.93706567031265,148.80201389855,1.1979861014500048,0.0,148.5025173731875,1.4974826268125059,0.0,148.05327258514373,1.9467274148562577,0.0
2025-05-02,0.0,18.23798010648826,147.65839853514237,1.1436153634076243,0.0,147.07299816892797,1.4295192042595302,0.0,146.19489761960634,1.8583749655373893,0.0
2025-05-03,0.0,20.80190870692441,146.43273745652078,1.2256610786215814,0.0,145.540921820651,1.5320763482769766,0.0,144.20319836684627,1.9916992527600696,0.0
2025-05-04,0.0,17.919552129802394,145.2993117883671,1.1334256681536765,0.0,144.1241397354589,1.4167820851920956,0.0,142.36138165609654,1.8418167107497243,0.0
2025-05-05,1.374781439935581,23.49678217953109,145.3621961985577,1.311897029744995,0.0,143.85904988821324,1.6398712871812435,0.0,141.6043304226965,2.1318326733356168,0.0
2025-05-06,0.0,17.986400130305103,144.22663139438794,1.1355648041697632,0.0,142.43959388300104,1.419456005212204,0.0,139.75903761592065,1.8452928067758654,0.0
2025-05-07,0.0,22.29335554532544,142.95324401693753,1.273387377450414,0.0,140.847859661188,1.5917342218130175,0.0,137.68978312756371,2.069254488356923,0.0
2025-05-08,0.0,18.19854658992746,141.81089052605986,1.1423534908776787,0.0,139.41991779759093,1.4279418635970984,0.0,135.83345870488748,1.8563244226762279,0.0
2025-05-09,0.0,21.82912526789227,140.5523585174873,1.2585320085725527,0.0,137.84675278687524,1.5731650107156907,0.0,133.78834419095708,2.045114513930398,0.0
2025-05-10,0.0,25.86981439639469,139.16452445680267,1.3878340606846302,0.0,136.11196021101946,1.7347925758557876,0.0,131.53311384234456,2.255230348612524,0.0
2025-05-11,0.0,23.415444051710967,137.85523024714792,1.309294209654751,0.0,134.47534244895104,1.6366177620684388,0.0,129.40551075165558,2.1276030906889707,0.0
2025-05-12,8.07560434978962,21.075971300777887,144.69640351531262,1.2344310816248925,0.0,141.00790794670954,1.5430388520311156,0.0,135.47516459380475,2.0059505076404505,0.0
2025-05-13,16.875072710570418,22.847049589689604,150.0,1.2911055868700674,10.280370639012972,150.0,1.6138819835875842,6.269098673692355,150.0,2.0980465786638596,0.2521907257113014
2025-05-14,0.0,23.049644625835658,148.70241137197326,1.297588628026741,0.0,148.37801421496658,1.6219857850334263,0.0,147.89141847945655,2.108581520543454,0.0
2025-05-15,0.0,24.06065128176042,147.37247053095692,1.3299408410163336,0.0,146.71558816369617,1.6624260512704168,0.0,145.730264612805,2.1611538666515417,0.0
2025-05-16,5.380558282587146,20.48104880646249,150.0,1.2153935618068,1.537635251737271,150.0,1.5192419522584997,0.5769044940248023,149.13580835745609,1.9750145379360498,0.0
2025-05-17,9.765130844076136,24.49684081135274,150.0,1.3438989059632878,8.42123193811284,150.0,1.6798736324541097,8.085257211622036,150.0,2.183835722190343,6.717103479341887
2025-05-18,21.526603709350347,17.997400793139235,150.0,1.1359168253804555,20.39068688396989,150.0,1.4198960317255693,20.106707677624797,150.0,1.8458648412432401,19.680738868107113
2025-05-19,0.0,22.238401810547657,148.72837114206249,1.2716288579375252,0.0,148.4104639275781,1.5895360724219063,0.0,147.93360310585152,2.0663968941484785,0.0
2025-05-20,2.450359137511942,22.61109189785494,149.89517533884307,1.2835549407313582,0.0,149.25637938917583,1.6044436759141976,0.0,148.29818546467502,2.085776778688457,0.0
2025-05-21,0.0,24.941217199438444,148.53705638846105,1.3581189503820301,0.0,147.5587307011983,1.6976486879775377,0.0,146.0912421703042,2.206943294370799,0.0
2025-05-22,0.749737774004193,23.80417875679617,147.96506044224776,1.3217337202174775,0.0,146.65630132493064,1.6521671502718467,0.0,144.693162648955,2.1478172953534007,0.0
2025-05-23,0.0,21.02954899172106,146.7321148745127,1.232945567735074,0.0,145.1151193652618,1.5411819596688425,0.0,142.6896261013855,2.0035365475694955,0.0
2025-05-24,10.829763947120862,21.949827212961456,150.0,1.2623944708147665,6.299484350818773,150.0,1.577993088518458,4.366890223864175,150.0,2.0513910150739956,1.4679990334323634
2025-05-25,0.0,24.39366871561725,148.65940260110025,1.3405973988997522,0.0,148.3242532513753,1.67574674862469,0.0,147.8215292267879,2.178470773212097,0.0
2025-05-26,11.087539755932529,23.912003444297245,150.0,1.3251841102175117,8.421758246815273,150.0,1.6564801377718896,7.755312869535942,150.0,2.1534241791034567,6.755644803616974
2025-05-27,0.0,22.983031662581844,148.70454298679738,1.295457013202619,0.0,148.38067873349672,1.6193212665032737,0.0,147.89488235354574,2.105117646454256,0.0
2025-05-28,5.008949055506689,23.248045298142387,150.0,1.3039374495405565,2.4095545927634987,150.0,1.6299218119256955,1.759705977077715,150.0,2.118898355503404,0.7849330535490253
2025-05-29,0.0,25.667752830110544,148.61863190943646,1.3813680905635375,0.0,148.27328988679557,1.7267101132044218,0.0,147.75527685283424,2.2447231471657485,0.0
2025-05-30,0.0,23.30298714249082,147.31293632087676,1.3056955885597064,0.0,146.64117040109593,1.6321194856996328,0.0,145.6335215214247,2.1217553314095228,0.0
2025-05-31,0.0,24.22237809136081,145.9778202219532,1.335116098923546,0.0,144.9722752774415,1.6688951236544325,0.0,143.46395786067396,2.1695636607507622,0.0
2025-06-01,0.0,28.79583705043251,144.49635343633938,1.4814667856138404,0.0,143.1204417954242,1.8518334820173004,0.0,141.05657433405148,2.4073835266224903,0.0
2025-06-02,4.049034052839971,21.66319988918369,147.29216509272547,1.253222396453878,0.0,145.60294785269681,1.5665279955673475,0.0,143.0691219926539,2.036486394237552,0.0
2025-06-03,8.427619588220722,20.85866280276974,150.0,1.2274772096886317,4.492307471257561,150.0,1.5343465121107895,2.4962209288067356,149.50209111513058,1.9946504657440265,0.0
2025-06-04,0.0,26.17847716832022,148.60228873061376,1.397711269386247,0.0,148.2528609132672,1.7471390867328087,0.0,147.23081030237793,2.2712808127526514,0.0
2025-06-05,0.0,23.30011325396034,147.29668510648705,1.305603624126731,0.0,146.6208563831088,1.6320045301584136,0.0,145.109204413172,2.121605889205938,0.0
2025-06-06,0.0,24.06416416302983,145.9666318532701,1.3300532532169544,0.0,144.95828981658758,1.662566566521193,0.0,142.94786787669443,2.161336536477551,0.0
2025-06-07,0.0,23.17869179546197,144.66491371581532,1.301718137454783,0.0,143.3311421447691,1.6271476718184787,0.0,140.83257590333042,2.1152919733640223,0.0
2025-06-08,0.0,24.258883133521547,143.32862945554263,1.3362842602726897,0.0,141.66078681942824,1.6703553253408618,0.0,138.6611139803873,2.1714619229431205,0.0
2025-06-09,0.0,28.01014092690877,141.87230494588155,1.4563245096610808,0.0,139.84038118235188,1.8204056370763508,0.0,136.29458665218806,2.3665273281992563,0.0
2025-06-10,2.3958976138191206,26.44899508475716,142.86183471698845,1.4063678427122293,0.0,140.47831899278071,1.7579598033902863,0.0,136.40513652159981,2.2853477444073724,0.0
2025-06-11,0.0,26.59794144771382,141.45070059066163,1.4111341263268422,0.0,138.71440133487215,1.7639176579085527,0.0,134.1120435663187,2.293092955281119,0.0
2025-06-12,0.0,22.06687083928824,140.1845607238044,1.2661398668572237,0.0,137.13172650130062,1.5826748335715295,0.0,132.05456628267572,2.057477283642988,0.0
2025-06-13,2.4006437799443594,22.619914621073583,141.30136723587438,1.2838372678743548,0.0,137.92757369640202,1.6047965848429433,0.0,132.36897450232425,2.0862355602958265,0.0
2025-06-14,0.0,19.264021749968663,140.12491853987538,1.1764486959989973,0.0,136.4570128264033,1.4705608699987465,0.0,130.45724537132588,1.9117291309983704,0.0
2025-06-15,14.455525055362903,23.34042831930628,150.0,1.306893706217801,3.2735498890204724,149.27892074899393,1.633617132772251,0.0,142.78906815408484,2.1237022726039263,0.0
2025-06-16,0.0,26.88665610385287,148.5796270046767,1.420372995323292,0.0,147.50345450483982,1.775466244154115,0.0,140.4809620366845,2.3081061174003494,0.0
2025-06-17,2.19625127262024,26.018247243052382,149.38329436551925,1.3925839117776764,0.0,147.95897588773795,1.7407298897220953,0.0,140.414264452666,2.262948856638724,0.0
2025-06-18,0.0,24.549473586492585,148.0377112107515,1.3455831547677626,0.0,146.27699694427824,1.6819789434597032,0.0,138.22769182616838,2.186572626497614,0.0
2025-06-19,0.0,24.9530844523628,146.6792125082759,1.3584987024756097,0.0,144.57887356618372,1.698123378094512,0.0,136.02013143464552,2.2075603915228657,0.0
2025-06-20,0.8339181837573894,23.62213631221109,146.19722233004254,1.315908361990755,0.0,143.76790629745267,1.6448854524884435,0.0,134.71569853016794,2.1383510882349768,0.0
2025-06-21,0.0,25.408684351350946,144.8241444307993,1.3730778992432304,0.0,142.05155892339863,1.7163473740540378,0.0,132.4844469438977,2.231251586270249,0.0
2025-06-22,0.0,26.527219365834803,143.41527341109258,1.4088710197067138,0.0,140.29047014876525,1.761088774633392,0.0,130.1950315368743,2.2894154070234096,0.0
2025-06-23,0.0,21.75702358102939,142.15904865649964,1.2562247545929406,0.0,138.72018920552406,1.5702809432411757,0.0,128.15366631066075,2.0413652262135287,0.0
2025-06-24,4.040247062557948,25.578466984328617,144.82078477555905,1.3785109434985159,0.0,141.03729758870887,1.7231386793731447,0.0,129.9538330900336,2.240080283185088,0.0
2025-06-25,5.134561376030039,26.831458759451035,148.53673947128664,1.4186066803024333,0.0,144.39860061436087,1.7732583503780415,0.0,132.7831586105722,2.305235855491454,0.0
2025-06-26,12.182092339521583,24.12085253308024,150.0,1.3318672810585677,9.386964529749633,150.0,1.6648341013232095,4.915858852559239,142.8009666183736,2.1642843317201725,0.0
2025-06-27,0.0,26.33396971691531,148.59731296905872,1.40268703094129,0.0,148.24664121132338,1.7533587886766124,0.0,140.521600193094,2.2793664252795964,0.0
2025-06-28,0.0,30.540449528879652,147.06001858413458,1.537294384924149,0.0,146.3250232301682,1.9216179811551861,0.0,138.02349681759227,2.498103375501742,0.0
2025-06-29,0.0,24.678090316349625,145.7103196940114,1.349698890123188,0.0,144.63789961751422,1.687123612653985,0.0,135.8302361211421,2.1932606964501806,0.0
2025-06-30,0.0,25.646095599648955,144.3296446348226,1.3806750591887667,0.0,142.91205579352825,1.7258438239859581,0.0,133.58663914996035,2.243596971181746,0.0
2025-07-01,0.0,23.35315135247704,143.02234379154334,1.3073008432792654,0.0,141.27792973942917,1.6341260540990816,0.0,131.46227527963154,2.124363870328806,0.0
2025-07-02,0.0,25.158639241659,141.65726733581025,1.365076455733088,0.0,139.57158416976282,1.7063455696663599,0.0,129.24402603906526,2.218249240566268,0.0
2025-07-03,4.430813098338069,25.68064875628829,144.7062996739471,1.3817807602012253,0.0,142.27517131784936,1.7272259502515315,0.0,131.42944540207634,2.245393735326991,0.0
2025-07-04,0.0,25.110866646830893,143.3427519412485,1.3635477326985885,0.0,140.57073665197612,1.7044346658732357,0.0,129.21368033644114,2.2157650656352064,0.0
2025-07-05,24.33237707352172,22.639987190822925,150.0,1.2844795901063337,16.390649424663877,150.0,1.605599487632917,13.297514237864902,150.0,2.087279333922792,1.458778076040062
2025-07-06,0.0,25.04742902829239,148.63848227109463,1.3615177289053566,0.0,148.29810283886832,1.7018971611316955,0.0,147.7875336905288,2.2124663094712043,0.0
2025-07-07,0.0,27.51157004730824,147.19811202958076,1.4403702415138637,0.0,146.49764003697598,1.8004628018923297,0.0,145.44693204806876,2.3406016424600287,0.0
2025-07-08,0.0,25.434081495333512,145.82422142173007,1.3738906078506723,0.0,144.78027677716264,1.7173632598133404,0.0,143.2143598103114,2.2325722377573425,0.0
2025-07-09,8.828879386241443,26.4075901782654,150.0,1.4050428857044928,3.248057922267037,150.0,1.756303607130616,1.8528525562734899,149.76004450728306,2.2831946892698007,0.0
2025-07-10,3.4530879762085376,23.953587493878956,150.0,1.3265147998041265,2.1265731764044062,150.0,1.658143499755158,1.7949444764533666,150.0,2.1555865496817055,1.0575459338098767
2025-07-11,11.75616573962684,25.868613941801737,150.0,1.3877956461376557,10.368370093489204,150.0,1.7347445576720695,10.021421181954793,150.0,2.2551679249736902,9.500997814653175
2025-07-12,24.00864070126547,24.865774986812845,150.0,1.3557047995780112,22.65293590168747,150.0,1.6946309994725137,22.31400970179297,150.0,2.203020299314268,21.805620401951217
2025-07-13,14.13788510070441,22.34108576255647,150.0,1.2749147444018072,12.862970356302611,150.0,1.5936434305022589,12.544241670202155,150.0,2.0717364596529366,12.066148641051484
2025-07-14,0.0,24.812878270191685,148.64598789535387,1.354012104646134,0.0,148.30748486919234,1.6925151308076674,0.0,147.79973032995002,2.2002696700499675,0.0
2025-07-15,0.0,22.12265297406154,147.3780630001839,1.2679248951699693,0.0,146.72257875022987,1.5849061189624616,0.0,145.73935237529884,2.0603779546512,0.0
2025-07-16,1.2585714508494903,22.767797473477263,147.3480649318821,1.2885695191512725,0.0,146.3704383021403,1.6107118989390905,0.0,144.9039983575275,2.0939254686208177,0.0
2025-07-17,5.593936515721612,24.33704952193384,150.0,1.338785584701883,1.603215862901834,150.0,1.6734819808773536,0.29089283698456825,148.32240829810857,2.1755265751405597,0.0
2025-07-18,10.208222882966195,24.47506177305518,150.0,1.3432019767377659,8.865020906228438,150.0,1.6790024709222071,8.529220412043998,150.0,2.182703212198869,6.347927968875894
2025-07-19,0.0,21.421657109581098,148.7545069724934,1.2454930275065952,0.0,148.44313371561677,1.556866284383244,0.0,147.97607383030177,2.023926169698217,0.0
2025-07-20,0.0,25.82503472945897,147.36810586115072,1.3864011113426873,0.0,146.7101323264384,1.7330013891783589,0.0,145.72317202436992,2.2529018059318666,0.0
2025-07-21,0.0,24.77543383710006,146.01529197836354,1.352813882787202,0.0,145.0191149729544,1.6910173534840025,0.0,143.5248494648407,2.1983225595292035,0.0
2025-07-22,0.0,22.1337648262765,144.7470115039227,1.268280474440848,0.0,143.43376437990335,1.5853505930510599,0.0,141.46389369387433,2.0609557709663777,0.0
2025-07-23,0.0,20.37732098063228,143.53493723254246,1.212074271380233,0.0,141.91867154067805,1.5150928392252911,0.0,139.49427300288144,1.9696206909928786,0.0
2025-07-24,0.0,23.069445636023502,142.2367149721897,1.2982222603527522,0.0,140.2958937152371,1.6227778254409402,0.0,137.3846618298082,2.109611173073222,0.0
2025-07-25,13.66655566654986,22.371654559516774,150.0,1.2758929459045367,4.62737769283504,150.0,1.594866182380671,2.3675831994062833,148.97789145926322,2.0733260370948723,0.0
2025-07-26,0.0,23.391661428565204,148.6914668342859,1.3085331657140866,0.0,148.3643335428574,1.6356664571426083,0.0,146.85152506497784,2.126366394285391,0.0
2025-07-27,6.85837517118532,22.338566140898315,150.0,1.274834116508746,4.275007888962477,150.0,1.5935426456359325,3.6291660684067892,150.0,2.0716054393267123,1.6382947968364476
2025-07-28,0.0,18.94691491633614,148.83369872267724,1.1663012773227563,0.0,148.54212340334655,1.4578765966534455,0.0,148.10476042435053,1.895239575649479,0.0
2025-07-29,5.9741591239408045,22.07980467418483,150.0,1.2665537495739148,3.541304097044133,150.0,1.5831921869673933,2.9330903403199784,150.0,2.0581498430576115,2.0207697052337323
2025-07-30,0.0,22.13760219153378,148.73159672987092,1.268403270129081,0.0,148.41449591233865,1.5855040876613513,0.0,147.93884468604026,2.0611553139597567,0.0
2025-07-31,0.0,23.906208177453543,147.4065980681924,1.3249986616785134,0.0,146.7582475852405,1.6562483270981416,0.0,145.78572186081266,2.1531228252275842,0.0
2025-08-01,0.0,21.130268926097983,146.17042946255728,1.2361686056351355,0.0,145.21303682819658,1.5452107570439193,0.0,143.77694787665556,2.008773984157095,0.0
2025-08-02,0.0,25.76956945523109,144.7858032399899,1.3846262225673949,0.0,143.48225404998735,1.7307827782092435,0.0,141.52693026498355,2.2500176116720167,0.0
2025-08-03,30.64854220230526,18.47229443956136,150.0,1.1511134220659636,24.28323202022918,150.0,1.4388917775824543,22.691904474710157,150.0,1.8705593108571907,20.30491315643161
2025-08-04,14.30723996233235,24.79910413236487,150.0,1.353571332235676,12.953668630096672,150.0,1.691964165294595,12.615275797037754,150.0,2.1995534148829736,12.107686547449362
2025-08-05,11.78692683681885,21.60719815931557,150.0,1.2514303410980983,10.535496495720764,150.0,1.5642879263726228,10.222638910446221,150.0,2.03357430428441,9.75335253253445
2025-08-06,4.630954605828632,23.65198201355689,150.0,1.3168634244338204,3.314091181394815,150.0,1.6460792805422755,2.9848753252863673,150.0,2.139903064704958,2.4910515411236815
2025-08-07,0.0,21.967337062887623,148.73704521398759,1.262954786012404,0.0,148.42130651748448,1.5786934825155048,0.0,147.94769847272985,2.0523015272701564,0.0
2025-08-08,2.3530641716016376,23.959749714186277,149.76339739473525,1.326711990853961,0.0,149.11598070051866,1.6583899885674511,0.0,148.1448556591938,2.1559069851376864,0.0
2025-08-09,0.0,20.77683964298523,148.53853852615973,1.2248588685755273,0.0,147.58490711479925,1.531073585719409,0.0,146.15445999775858,1.9903956614352318,0.0
2025-08-10,0.0,19.22330628201001,147.3633927251354,1.1751458010243203,0.0,146.11597486351886,1.4689322512804004,0.0,144.24484807109405,1.9096119266645206,0.0
2025-08-11,0.0,24.12863672050047,146.0312763500794,1.332116375056015,0.0,144.45082939469884,1.6651454688200187,0.0,142.08015896162803,2.1646891094660243,0.0
2025-08-12,11.960762581590757,20.925884707868995,150.0,1.229628310651808,6.762410621018347,150.0,1.5370353883147598,4.874556587974837,150.0,1.998146004809188,2.042775538409586
2025-08-13,0.0,21.459357579497645,148.75330055745607,1.2466994425439246,0.0,148.4416256968201,1.5583743031799058,0.0,147.97411340586612,2.0258865941338775,0.0
2025-08-14,0.0,23.347356351014323,147.44618515422363,1.3071154032324583,0.0,146.80773144277953,1.6338942540405728,0.0,145.85005087561336,2.1240625302527447,0.0
2025-08-15,0.0,18.67381219485437,146.2886231639883,1.15756199023534,0.0,145.36077895498536,1.4469524877941748,0.0,143.96901264148093,1.8810382341324274,0.0
2025-08-16,0.0,21.78687441938028,145.03144318256813,1.257179981420169,0.0,143.78930397821014,1.5714749767752112,0.0,141.92609517167315,2.0429174698077746,0.0
2025-08-17,0.0,19.272614872480727,143.85471950664873,1.1767236759193833,0.0,142.31839938331092,1.470904594899229,0.0,140.01391919830417,1.9121759733689978,0.0
2025-08-18,15.58527147931534,20.04296177033059,150.0,1.201374776650579,8.238616209313506,150.0,1.5017184708132234,6.40195239181304,150.0,1.9522340120571906,3.6469566655623
2025-08-19,0.0,20.305181840927105,148.79023418109034,1.2097658189096674,0.0,148.48779272636293,1.5122072736370842,0.0,148.0341305442718,1.9658694557282095,0.0
2025-08-20,8.124428955796027,17.011974411563884,150.0,1.1043831811700444,5.810279955716311,150.0,1.3804789764625554,5.231742705696377,150.0,1.794622669401322,4.363936830666489
2025-08-21,14.338219460198207,18.305052985446032,150.0,1.1457616955342729,13.192457764663942,150.0,1.4322021194178411,12.90601734078038,150.0,1.8618627552431934,12.476356704955037
2025-08-22,14.635101262462271,22.41374086156492,150.0,1.2772397075700774,13.357861554892196,150.0,1.5965496344625967,13.03855162799968,150.0,2.0755145248013758,12.559586737660908
2025-08-23,16.415826166348136,21.33144931225418,150.0,1.242606377992134,15.173219788355993,150.0,1.5532579724901672,14.862568193857953,150.0,2.0192353642372174,14.396590802110921
2025-08-24,1.226693327458131,19.27990868885048,150.0,1.1769570780432155,0.04973624941490584,149.7554969799041,1.4711963475540193,0.0,149.31413807563789,1.9125552518202251,0.0
2025-08-25,5.753723274379542,19.73625031672133,150.0,1.1915600101350827,4.562163264244475,150.0,1.4894500126688532,4.019770241614822,150.0,1.9362850164695093,3.1315763335479403
2025-08-26,0.0,18.5050745768833,148.84783761353972,1.1521623864602657,0.0,148.55979701692468,1.440202983075332,0.0,148.12773612200206,1.8722638779979317,0.0
2025-08-27,0.0,21.64906953822063,147.59506738831666,1.2527702252230601,0.0,146.99383423539584,1.565962781528825,0.0,146.0919845060146,2.0357516159874725,0.0
2025-08-28,0.0,18.376374496451323,146.4470234044302,1.1480439838864425,0.0,145.5587792555378,1.435054979858053,0.0,144.22641303219913,1.865571473815469,0.0
2025-08-29,0.0,19.08082149156737,145.27643711670007,1.170586287730156,0.0,144.0955463958751,1.463232859662695,0.0,142.32421031463764,1.9022027175615035,0.0
2025-08-30,12.567143319323556,20.748183414991463,150.0,1.223941869279727,6.619638566743902,150.0,1.5299273365996586,5.132762378598983,150.0,1.9889055375795563,2.902448096381619
2025-08-31,0.0,16.73934185255349,148.90434106071828,1.0956589392817118,0.0,148.63042632589787,1.3695736741021396,0.0,148.21955422366722,1.7804457763327814,0.0
2025-09-01,0.0,21.248648778352056,147.66438429981102,1.239956760907266,0.0,147.0804803747638,1.5499459511340823,0.0,146.20462448719292,2.014929736474307,0.0
2025-09-02,8.548808997971202,14.906205373248154,150.0,1.036998571943941,5.176194725838286,150.0,1.2962482149299261,4.33304115780507,150.0,1.685122679408904,3.0683108057552317
2025-09-03,0.0,21.06159101421776,148.76602908754504,1.2339709124549685,0.0,148.4575363594313,1.5424636405687104,0.0,147.99479726726068,2.0052027327393236,0.0
2025-09-04,14.671839510569669,16.89130375937612,150.0,1.100521720300036,12.337346877814667,150.0,1.375652150375045,11.753723719625924,150.0,1.7883477954875584,10.87828898234278
2025-09-05,0.0,16.984824309158792,148.89648562210692,1.1035143778930814,0.0,148.62060702763364,1.3793929723663516,0.0,148.20678913592374,1.7932108640762572,0.0
2025-09-06,0.0,13.523036359940235,147.90374845858884,0.9927371635180876,0.0,147.37968557323603,1.2409214543976095,0.0,146.59359124520685,1.6131978907168925,0.0
2025-09-07,11.78100211385768,16.225619719642577,150.0,1.0792198310285623,8.605530741417965,150.0,1.349024788785703,7.811662898308015,150.0,1.7537322254214138,6.620861133643132
2025-09-08,0.3083062932748613,14.887115835881998,149.27191858652662,1.036387706748224,0.0,149.01282165983957,1.2954846334352799,0.0,148.624176269809,1.6841300234658638,0.0
2025-09-09,0.0,15.582373166508678,148.21328264519835,1.0586359413282778,0.0,147.68952673317924,1.323294926660347,0.0,146.90389286515054,1.7202834046584512,0.0
2025-09-10,0.0,16.353448197807413,147.1299723028685,1.0833103423298371,0.0,146.33538880526694,1.3541379279122965,0.0,145.14351355886456,1.7603793062859854,0.0
2025-09-11,19.587827528726656,18.37357519814456,150.0,1.147954406340626,15.569845425254528,150.0,1.4349430079257823,14.488273326067798,150.0,1.8654259103035171,12.86591517728769
2025-09-12,0.0,16.702688477327065,148.90551396872553,1.0944860312744662,0.0,148.63189246090693,1.3681075390930826,0.0,148.221460199179,1.7785398008210074,0.0
2025-09-13,5.054888061207102,16.731943378019178,150.0,1.0954221880966137,2.8649798418360035,150.0,1.3692777351207672,2.317502786993259,150.0,1.7800610556569973,1.4962872047291
2025-09-14,0.0,13.754328720480869,148.99986148094462,1.0001385190553878,0.0,148.74982685118076,1.2501731488192347,0.0,148.37477490653498,1.6252250934650052,0.0
2025-09-15,0.0,14.01235661312917,147.99146606932447,1.0083954116201335,0.0,147.4893325866556,1.2604942645251667,0.0,146.73613236265226,1.6386425438827168,0.0
2025-09-16,3.2260737398900123,19.199582810360557,150.0,1.1743866499315379,0.04315315928295149,149.2474230141312,1.4679833124144221,0.0,148.0538277964035,1.908378306138749,0.0
2025-09-17,19.08794537385444,13.959820260518812,150.0,1.006714248336602,18.08123112551783,150.0,1.2583928104207525,17.076975577564866,150.0,1.6359106535469783,15.505862516710977
2025-09-18,13.7764367959877,18.570600906385923,150.0,1.1542592290043494,12.622177566983368,150.0,1.4428240362554368,12.333612759732262,150.0,1.8756712471320678,11.900765548855645
2025-09-19,21.184505708514607,14.599947571125156,150.0,1.027198322276005,20.157307386238614,150.0,1.2839979028450061,19.900507805669605,150.0,1.6691972736985081,19.51530843481612
2025-09-20,10.305480623684783,14.918505903400128,150.0,1.0373921889088042,9.26808843477599,150.0,1.2967402361360052,9.008740387548784,150.0,1.6857623069768068,8.619718316707974
2025-09-21,0.0,16.882545918188537,148.89975853061796,1.100241469382033,0.0,148.62469816327246,1.3753018367275414,0.0,148.2121076122542,1.7878923877458037,0.0
2025-09-22,5.680711807186636,17.113562513832008,150.0,1.1076340004426244,3.4728363373619686,150.0,1.3845425005532803,2.9208674699058292,150.0,1.7999052507192645,2.0929141687215633
2025-09-23,0.0,14.176242105783896,148.98636025261493,1.0136397473850847,0.0,148.73295031576865,1.2670496842313557,0.0,148.35283541049924,1.6471645895007625,0.0
2025-09-24,0.0,13.449649100622292,147.995971481395,0.9903887712199133,0.0,147.49496435174376,1.2379859640248916,0.0,146.74345365726688,1.609381753232359,0.0
2025-09-25,0.0,13.94279160478358,146.98980215004192,1.0061693313530746,0.0,146.23725268755243,1.2577116641913433,0.0,145.10842849381814,1.6350251634487463,0.0
2025-09-26,0.0,14.559324985247292,145.96390375051402,1.0258983995279134,0.0,144.95487968814254,1.2823729994098918,0.0,143.44134359458528,1.6670848992328593,0.0
2025-09-27,9.299488936928585,15.495125599213704,150.0,1.0558440191748386,4.207548668267776,150.0,1.3198050239685482,2.9345636011025817,150.0,1.7157465311591127,1.0250860003547473
2025-09-28,0.0,13.55046774878956,149.00638503203874,0.9936149679612658,0.0,148.7579812900484,1.2420187099515823,0.0,148.38537567706294,1.614624322937057,0.0
2025-09-29,0.0,14.609702466661142,147.97887455310558,1.0275104789331564,0.0,147.47359319138195,1.2843880986664455,0.0,146.71567114879656,1.6697045282663792,0.0
2025-09-30,0.0,16.47905360728626,146.89154483767243,1.0873297154331603,0.0,146.1144310470905,1.3591621442914503,0.0,144.94876036121767,1.7669107875788854,0.0
2025-10-01,2.594337216772535,13.795890326593806,148.48441356399397,1.0014684904510018,0.0,147.4569326507993,1.2518356130637522,0.0,145.91571128100733,1.627386296982878,0.0
2025-10-02,0.0,13.488096557611598,147.4927944741504,0.9916190898435713,0.0,146.21740878849485,1.239523862304464,0.0,144.30433026001154,1.6113810209958033,0.0
2025-10-03,0.0,9.659121647513746,146.62370258142997,0.8690918927204399,0.0,145.1310439225943,1.0863648659005498,0.0,142.89205593434082,1.4122743256707149,0.0
2025-10-04,1.6145810547674369,7.268317921532521,147.44569746270835,0.7925861734890407,0.0,145.75489226050044,0.9907327168613008,0.0,143.21868445718854,1.2879525319196912,0.0
2025-10-05,0.0,13.140096531180264,146.46521437371058,0.9804830889977684,0.0,144.52928839925323,1.2256038612472104,0.0,141.62539943756718,1.5932850196213737,0.0
2025-10-06,0.0,12.008044785446096,145.5209569405763,0.9442574331342751,0.0,143.3489666078354,1.1803217914178439,0.0,140.09098110872398,1.5344183288431972,0.0
2025-10-07,0.0,11.003306457435617,144.60885113393834,0.9121058066379398,0.0,142.20883434953797,1.1401322582974247,0.0,138.60880917293733,1.482171935786652,0.0
2025-10-08,0.0,12.355989999014422,143.65345945396987,0.9553916799684615,0.0,141.01459474957738,1.1942395999605768,0.0,137.05629769298858,1.5525114799487498,0.0
2025-10-09,0.0,11.58510771936088,142.72273600695033,0.9307234470195482,0.0,139.85119044080295,1.1634043087744352,0.0,135.54387209158182,1.5124256014067659,0.0
2025-10-10,4.273019413967671,13.799437374560464,145.99417342493206,1.001581995985935,0.0,142.8722323597882,1.2519774949824185,0.0,138.18932076207233,1.627570743477144,0.0
2025-10-11,0.0,11.55508442922028,145.064410723197,0.9297627017350489,0.0,141.71002898261938,1.1622033771688112,0.0,136.67845637175287,1.5108643903194545,0.0
2025-10-12,0.0,9.72907377782002,144.19308036230677,0.8713303608902406,0.0,140.62086603150658,1.0891629511128007,0.0,135.26254453530623,1.415911836446641,0.0
2025-10-13,26.117697429565656,13.044429711353914,150.0,0.9774217507633254,19.333356041109113,150.0,1.2217771884541566,15.516786272618077,150.0,1.5883103449904037,9.791931619881495
2025-10-14,4.74848448793501,10.472178261951385,150.0,0.8951097043824444,3.8533747835525674,150.0,1.1188871304780554,3.6295973574569587,150.0,1.454553269621472,3.2939312183135314
2025-10-15,0.0,11.803069967649074,149.06230176103523,0.9376982389647704,0.0,148.82787720129403,1.172122798705963,0.0,148.47624036168224,1.523759638317752,0.0
2025-10-16,0.8647645483315057,9.639990744109449,149.0585866055552,0.8684797038115024,0.0,148.60704211986115,1.085599629764378,0.0,147.92972539132003,1.4112795186936915,0.0
2025-10-17,0.0,9.141279293920537,148.20606566814976,0.8525209374054573,0.0,147.54139094810432,1.0656511717568216,0.0,146.54437886803618,1.385346523283868,0.0
2025-10-18,7.043742159243323,10.456741383632751,150.0,0.894615724276248,4.355192103116849,150.0,1.11826965534531,3.466863452002343,150.0,1.4537505519489031,2.1343704753305985
2025-10-19,4.683022487283311,10.162930216000468,150.0,0.885213766912015,3.7978087203713073,150.0,1.1065172086400188,3.5765052786433102,150.0,1.4384723712320244,3.2445501160513004
2025-10-20,19.863398051448662,10.947235936275913,150.0,0.9103115499608292,18.95308650148783,150.0,1.1378894374510364,18.72550861399762,150.0,1.4792562686863475,18.3841417827623
2025-10-21,0.0,9.302084583221989,149.1423332933369,0.8576667066631036,0.0,148.92791661667113,1.0720833833288794,0.0,148.60629160167247,1.3937083983275433,0.0
2025-10-22,0.0,6.019979950839873,148.38969393491,0.752639358426876,0.0,147.98711741863752,0.9407991980335949,0.0,147.3832526442288,1.2230389574436735,0.0
2025-10-23,0.0,8.682047847416717,147.55186840379267,0.837825531117335,0.0,146.93983550474084,1.0472819138966687,0.0,146.02178615616313,1.3614664880656693,0.0
2025-10-24,0.0,10.99174431018587,146.64013258586672,0.9117358179259478,0.0,145.8001657323334,1.1396697724074347,0.0,144.54021545203346,1.4815707041296653,0.0
2025-10-25,24.743739799405407,8.667525162470543,150.0,0.8373608051990573,20.54651158007306,150.0,1.0467010064988216,19.497204525239965,150.0,1.360711308448468,17.92324394299041
2025-10-26,0.0,8.629380672046171,149.16385981849453,0.8361401815054775,0.0,148.95482477311816,1.0451752268818468,0.0,148.6412722050536,1.358727794946401,0.0
2025-10-27,0.0,10.956512379562646,148.2532514223485,0.9106083961460048,0.0,147.81656427793567,1.138260495182506,0.0,147.16153356131636,1.4797386437372577,0.0
2025-10-28,0.0,7.423207545848876,147.45570878088134,0.797542641467164,0.0,146.81963597610172,0.996928301833955,0.0,145.86552676893223,1.2960067923841414,0.0
2025-10-29,5.422438183161805,5.626765417555857,150.0,0.7400564933617875,2.1380904706813624,150.0,0.9250706167022342,1.317003542561281,150.0,1.2025918017129045,0.08537315038111615
2025-10-30,0.0,8.258190628583375,149.17573789988532,0.8242621001146679,0.0,148.96967237485666,1.0303276251433349,0.0,148.66057408731368,1.3394259126863355,0.0
2025-10-31,10.296918473546857,7.480088525411675,150.0,0.7993628328131737,8.673293540619,150.0,0.999203541016467,8.267387307387054,150.0,1.298964603321407,7.65852795753915
2025-11-01,0.0,6.38686871835816,149.23562020101255,0.7643797989874611,0.0,149.04452525126567,0.9554747487343264,0.0,148.75788282664539,1.2421171733546243,0.0
2025-11-02,0.0,7.841508993432459,148.42469191322272,0.8109282877898387,0.0,148.03086489152838,1.0136603597372984,0.0,147.4401243589869,1.317758467658488,0.0
2025-11-03,0.0,9.050199025623796,147.57508554440275,0.8496063688199614,0.0,146.96885693050342,1.0620079610249518,0.0,146.05951400965446,1.3806103493324373,0.0
2025-11-04,0.0,7.925586775792595,146.7614667675774,0.8136187768253631,0.0,145.95183345947171,1.0170234710317039,0.0,144.73738349731326,1.322130512341215,0.0
2025-11-05,0.0,8.43719300861286,145.9314765913018,0.8299901762756114,0.0,144.9143457391272,1.0374877203445143,0.0,143.3886494608654,1.3487340364478686,0.0
2025-11-06,0.0,11.33123985616597,145.00887691590447,0.922599675397311,0.0,143.76109614488058,1.1532495942466388,0.0,141.88942498834476,1.4992244725206305,0.0
2025-11-07,0.0,6.902022168398914,144.2280122065157,0.7808647093887653,0.0,142.78501525814463,0.9760808867359565,0.0,140.62051983558803,1.2689051527567434,0.0
2025-11-08,0.0,8.030028993969257,143.4110512787087,0.8169609278070162,0.0,141.76381409838586,1.0212011597587702,0.0,139.29295832790163,1.3275615076864014,0.0
2025-11-09,0.0,6.342687146896302,142.64808529000803,0.7629659887006817,0.0,140.81010661251003,0.9537074858758521,0.0,138.053138596263,1.2398197316386077,0.0
2025-11-10,0.0,5.5584401465556486,141.91021520531825,0.7378700846897808,0.0,139.8877690066478,0.9223376058622259,0.0,136.8540997086421,1.1990388876208937,0.0
2025-11-11,0.0,5.973686142377316,141.15905724876217,0.7511579565560741,0.0,138.9488215609527,0.9389474456950926,0.0,135.6334680292385,1.2206316794036205,0.0
2025-11-12,0.0,6.080654219130469,140.40447631375,0.754580935012175,0.0,138.00559539218747,0.9432261687652187,0.0,134.4072740098437,1.2261940193947845,0.0
2025-11-13,0.0,7.654152131884804,139.5995434455297,0.8049328682203138,0.0,136.99942930691208,1.0061660852753922,0.0,133.09925809898567,1.3080159108580098,0.0
2025-11-14,0.0,11.53277105894236,138.67049477164355,0.9290486738861555,0.0,135.83811846455438,1.1613108423576943,0.0,131.58955400392068,1.5097040950650027,0.0
2025-11-15,0.0,5.304371140209225,137.94075489515686,0.7297398764866951,0.0,134.925943618946,0.9121748456083689,0.0,130.4037267046298,1.1858272992908796,0.0
2025-11-16,11.05152992542479,5.80749459458271,148.246444993555,0.7458398270266468,0.0,145.0451737605875,0.9322997837833084,0.0,140.24326691113632,1.2119897189183009,0.0
2025-11-17,0.0,6.42126340024687,147.4809645647471,0.7654804288078998,0.0,144.0883232245776,0.9568505360098747,0.0,138.99936121432347,1.243905696812837,0.0
2025-11-18,0.0,7.248375999921226,146.6890165327496,0.7919480319974792,0.0,143.09838818458076,0.989935039996849,0.0,137.71244566232758,1.2869155519959037,0.0
2025-11-19,0.0,6.895680343410455,145.90835476176048,0.7806617709891346,0.0,142.12256097084435,0.9758272137364181,0.0,136.44387028447025,1.2685753778573436,0.0
2025-11-20,0.0,8.851128400803017,145.06511865293479,0.8432361088256966,0.0,141.06851583481222,1.0540451360321206,0.0,135.0736116076285,1.3702586768417568,0.0
2025-11-21,0.0,1.3470938191942272,144.46201165072057,0.6031070022142153,0.0,140.31463208204445,0.7538837527677691,0.0,134.0935627290304,0.9800488785980999,0.0
2025-11-22,0.0,1.345567033313725,143.85895350565454,0.6030581450660392,0.0,139.56080940071192,0.7538226813325489,0.0,133.11359324329808,0.9799694857323137,0.0
2025-11-23,0.0,5.049850748630613,143.13735828169837,0.7215952239561796,0.0,138.6588153707667,0.9019940299452245,0.0,131.9410010043693,1.172592238928792,0.0
2025-11-24,7.804308323499603,8.161042351840575,150.0,0.8211533552588984,0.12051324993907997,145.4366820001927,1.026441694073623,0.0,138.4109351255732,1.33437420229571,0.0
2025-11-25,0.0,2.7626576358466446,149.3515949556529,0.6484050443470926,0.0,144.6261756947588,0.8105063054338657,0.0,137.35727692850915,1.0536581970640255,0.0
2025-11-26,6.545566270300007,-0.1911009399814487,150.0,0.5538847699205937,5.343276456032328,150.0,0.692355962400742,0.47938600265808873,143.0027804476882,0.9000627511209647,0.0
2025-11-27,0.0,6.899451590507483,149.21921754910377,0.7807824508962394,0.0,149.0240219363797,0.9759780636202993,0.0,141.7340089649818,1.2687714827063892,0.0
2025-11-28,0.0,6.180075137025635,148.46145514471897,0.7577624043848203,0.0,148.0768189308987,0.9472030054810253,0.0,140.50264505785645,1.231363907125333,0.0
2025-11-29,0.0,3.450769723446826,147.79103051356867,0.6704246311502984,0.0,147.2387881419608,0.838030788937873,0.0,139.41320503223722,1.089440025619235,0.0
2025-11-30,2.982316488293052,3.6013093646539343,150.0,0.6752418996689259,0.0981051021928181,149.3770522556677,0.8440523745861573,0.0,141.29825343356828,1.0972680869620046,0.0
2025-12-01,0.6504587349489285,3.5768967606089346,149.97599803860945,0.6744606963394859,0.0,149.1844351201923,0.8430758704243573,0.0,140.85271353696555,1.0959986315516645,0.0
2025-12-02,0.0,5.684260668643425,149.23410169721285,0.7418963413965897,0.0,148.25706469344655,0.927370426745737,0.0,139.6471319821961,1.2055815547694582,0.0
2025-12-03,2.96197574956006,4.160191277761022,150.0,0.6931261208883527,1.5029513258845384,150.0,0.8664076511104408,0.3526327918961556,141.48277778531258,1.1263299464435732,0.0
2025-12-04,7.551908504827326,6.353422352309553,150.0,0.7633095152739058,6.788598989553435,150.0,0.9541368940923821,6.597771610734952,147.7943083278198,1.2403779623200968,0.0
2025-12-05,1.3783124071419972,-0.3886311560494233,150.0,0.5475638030064184,0.8307486041355787,150.0,0.684454753758023,0.6938576533839864,148.28282955507638,0.8897911798854299,0.0
2025-12-06,0.0,3.565114303453789,149.32591634228947,0.6740836577105213,0.0,149.15739542786184,0.8426045721381515,0.0,147.18744361129677,1.095385943779597,0.0
2025-12-07,0.0,2.9877865718542167,148.67030717199015,0.655609170299335,0.0,148.33788396498767,0.8195114628741687,0.0,146.12207870956036,1.0653649017364193,0.0
2025-12-08,0.0,4.691181726800116,147.96018935673254,0.7101178152576038,0.0,147.45023669591566,0.8876472690720046,0.0,144.96813725976676,1.153941449793606,0.0
2025-12-09,0.0,4.094638963219901,147.26916090990952,0.6910284468230369,0.0,146.58645113738686,0.863785558528796,0.0,143.84521603367932,1.1229212260874348,0.0
2025-12-10,0.0,6.73620606015323,146.49360231598462,0.7755585939249033,0.0,145.61700289498074,0.9694482424061291,0.0,142.58493331855135,1.2602827151279679,0.0
2025-12-11,0.0,1.3945505543564811,145.88897669824522,0.6046256177394074,0.0,144.86122087280648,0.7557820221742592,0.0,141.6024166897248,0.9825166288265369,0.0
2025-12-12,0.0,5.179842312726958,145.16322174423794,0.7257549540072626,0.0,143.9540271802974,0.9071936925090782,0.0,140.423064889463,1.1793518002618018,0.0
2025-12-13,9.83616343425136,6.184104353749268,150.0,0.7578913393199765,4.241493839169323,150.0,0.9473641741499707,2.842826440398767,149.0276548973194,1.2315734263949618,0.0
2025-12-14,8.702269969192836,8.762241762116936,150.0,0.8403917363877419,7.861878232805083,150.0,1.0504896704846773,7.651780298708161,150.0,1.3656365716300807,6.3642882948821295
2025-12-15,4.6914149889909975,4.069879040271349,150.0,0.6902361292886832,4.001178859702321,150.0,0.8627951616108539,3.8286198273801517,150.0,1.12163371009411,3.5697812788968974
2025-12-16,0.0,5.6697456000511135,149.25856814079836,0.7414318592016356,0.0,149.07321017599796,0.9267898240020445,0.0,148.79517322879735,1.204826771202658,0.0
2025-12-17,0.0,1.403477259024935,148.65365686850956,0.6049112722887979,0.0,148.31707108563697,0.7561390903609974,0.0,147.81219241132806,0.9829808174692966,0.0
2025-12-18,0.0,0.2206247845003801,148.08659687540555,0.5670599931040122,0.0,147.60824609425694,0.7088249913800152,0.0,146.89071992253403,0.9214724887940198,0.0
2025-12-19,6.280099236247352,6.690382165016022,150.0,0.7740922292805128,3.5926038823724014,150.0,0.9676152866006409,2.92073004390366,150.0,1.2578998725808332,1.9129192862005766
2025-12-20,1.754671905428704,4.988972015341957,150.0,0.7196471044909427,1.035024800937748,150.0,0.8995588806136783,0.8551130248150116,150.0,1.1694265447977819,0.5852453606309211
2025-12-21,0.0,7.359340359797938,149.20450110848645,0.795498891513534,0.0,149.00562638560808,0.9943736143919175,0.0,148.7073143012905,1.2926856987094928,0.0
2025-12-22,0.0,2.260694109663667,148.57215889697721,0.6323422115092373,0.0,148.21519862122153,0.7904277643865466,0.0,147.67975820758798,1.0275560937025106,0.0
2025-12-23,0.0,6.055450067501863,147.81838449481717,0.7537744021600596,0.0,147.27298061852144,0.9422180027000745,0.0,146.4548748040779,1.2248834035100968,0.0
2025-12-24,0.0,8.764385950006151,146.97792414441696,0.840460350400197,0.0,146.2224051805212,1.050575438000246,0.0,145.08912673467756,1.36574806940032,0.0
2025-12-25,0.0,5.88022125524274,146.22975706424918,0.7481670801677677,0.0,145.2871963303115,0.9352088502097096,0.0,143.87335522940495,1.2157715052726226,0.0
2025-12-26,0.0,5.610983942242577,145.49020557809743,0.7395514861517625,0.0,144.3627569726218,0.9244393576897031,0.0,142.67158406440834,1.201771164996614,0.0
2025-12-27,16.183669693948065,5.094890067469376,150.0,0.72303648215902,10.95083878988649,150.0,0.903795602698775,9.642631063871107,150.0,1.1749342835084076,7.680319474848005
2025-12-28,0.0,1.9589121348746448,149.37731481168402,0.6226851883159887,0.0,149.221643514605,0.7783564853949858,0.0,148.9881365689865,1.0118634310134815,0.0
2025-12-29,0.0,7.837651447480832,148.56650996536462,0.8108048463193867,0.0,148.20813745670577,1.0135060578992332,0.0,147.6705786937175,1.3175578752690031,0.0
2025-12-30,0.0,3.9335465528689455,147.88063647567282,0.6858734896918062,0.0,147.350795594591,0.8573418621147577,0.0,146.5560342729683,1.114544420749185,0.0
2025-12-31,0.0,6.19590181004994,147.12236761775122,0.7582688579215981,0.0,146.402959522189,0.9478360724019976,0.0,145.3238473788457,1.2321868941225969,0.0
